id,nombre,descripcion,privado,miembros
1,Lee-Jones,Teacher loss budget join no increase assume science expert high to agent.,False,942
2,Scott PLC,Though seek run find exactly who use soldier individual figure total wrong ask best.,False,679
3,Hunt-Murphy,Identify discuss PM affect nation positive thousand environmental nature.,False,837
4,Martinez PLC,Listen save three identify top act morning another question want today meet.,True,238
5,"Johnson, Dodson and Anderson",Way southern continue money color assume day realize almost vote nation.,False,128
6,Duran Group,Back nor ready might couple treat several operation cut season.,False,99
7,Torres Inc,About together modern school everyone born ball experience include oil.,True,101
8,"Woods, Hoffman and Dickson",Special data doctor road power thousand claim maintain receive next next hair together process control.,False,768
9,"Gordon, Wright and Randolph",Customer main impact prepare each financial trial list.,True,772
10,"Gibson, Smith and Dixon",Our add civil tree rate most audience full air onto individual.,True,596
11,"Jones, Schmidt and Caldwell",Participant determine possible forget plant development series around news choice whether contain large.,False,140
12,"Davis, Simmons and Bailey",First still instead might chance watch simply amount cold feel memory between quickly future son public.,False,986
13,Hall Inc,Marriage ahead quickly evidence make yet everybody worker support no yet effort join.,False,600
14,Johnson PLC,Serious campaign nature film form control staff name window international.,True,328
15,Castillo and Sons,Something learn imagine region wind could then rather political.,True,614
16,"Allen, Grant and Heath",Interview significant factor recently order economy despite.,True,877
17,Sullivan-Erickson,Little strong he sit town medical government garden laugh research.,False,443
18,"Cox, Taylor and Lynch",Measure including movie race source treatment court factor must not coach serve.,False,799
19,Johnson-Anderson,Food consumer strategy hope policy choice worry speech community four where.,False,826
20,"Payne, Jones and Sanders",Rich while just in shake operation able street.,True,542
21,"Haney, Barber and Johnson",Make bed church particularly state visit mention heart five build.,True,119
22,"Gutierrez, Castaneda and Mendez",Leg wonder term summer second deal so question dog performance allow put some onto consider top.,False,19
23,Clay Group,Large half little miss defense chance author action trade many security about.,False,333
24,Long-Savage,Yard long model personal what exist anything identify single second up stock.,True,845
25,Johns-Brock,Process create bad her again realize fall really.,False,867
26,Burke-Park,Member fall discover real these hit people later.,True,521
27,Cook-Conner,Hotel admit news environmental yourself individual head dog modern church picture.,False,160
28,"Bush, Cisneros and Chapman",Rise national sit visit spend boy letter floor new eye eye after.,False,159
29,Zavala-Pace,Knowledge four catch sea building nor drop late argue clearly pressure throw decade against position.,True,623
30,Phillips-Acevedo,Rather be culture year require form keep particularly.,False,326
31,Gillespie Group,Garden hold system sense magazine voice arm political wait.,True,290
32,Griffin-Rose,Kind available race board skin expect door magazine low here.,False,656
33,Obrien-Ballard,Sea rest car that him design bag instead finish single.,True,516
34,"Holden, Lamb and Johnson",Figure enough agency clear relate third everyone fear nice say catch subject land number what dog.,False,731
35,Hughes-Adams,Minute subject page on owner account she million discussion tree would father much dream once.,False,70
36,"Hardy, Hanson and Bishop",So employee everything leader laugh gun evening risk lose include article.,False,166
37,King-Wilcox,Near everyone area fish bed party particularly use high.,True,878
38,Allen PLC,Word wait all fire model our ready put affect.,True,727
39,"Lucas, Nichols and Castillo",Three like ahead course pressure perhaps study.,True,955
40,"Burton, Galloway and Long",Study us yourself long sign significant special sport begin word sing attack idea image.,True,887
41,"Gonzales, Hubbard and Rose",Identify discussion difficult no debate move drop voice.,False,754
42,Garner Group,Field standard middle field particular I hand stay note.,False,316
43,Johnson-Edwards,Father white sort stage whole power expert car present herself answer must all.,True,32
44,Haynes PLC,Economic effort medical mouth true smile operation state green teach focus eye great modern people out.,False,355
45,Ho PLC,Theory could size firm south address evening well until.,False,704
46,"Bryant, Palmer and Adams",Left military wish behavior specific lose sport rock success.,False,366
47,"Horn, Brock and Perez",Job success financial choice behavior environment someone language white base than response.,False,410
48,Henson Ltd,Apply increase assume degree movement as practice there main early Congress impact.,True,550
49,Lewis Ltd,Hard throw gun involve as stand song detail service exactly without lawyer community.,False,299
50,Turner-Williams,Want send pay relate member own throughout quickly still word fund spring energy conference picture who.,True,727
51,Martinez-Duke,South position market wrong be serve site yourself exist represent somebody suggest each.,False,109
52,Hampton-Ford,Peace me same adult recognize movie why prove appear generation value.,True,341
53,Butler-Bell,Arrive pattern product popular board person site give option.,True,880
54,Fowler and Sons,Draw ability budget movement her direction shake site even street campaign administration.,False,478
55,King-Smith,Wrong sister rule decision offer value answer line market address system range ok support dream even.,True,601
56,"Gallagher, Clark and Lopez",City home agent former hair remember religious vote right him challenge measure parent he someone run.,True,462
57,Payne-Robinson,Organization own significant debate ahead radio bag much meet seven.,False,308
58,"Gonzales, Morse and Glover",Vote address suffer future conference than meeting page million activity take night none sport piece.,True,224
59,"Vincent, Becker and Carter",Strategy send game information protect quickly help.,True,833
60,Smith-Clark,Language vote southern medical ground later foreign some need.,True,762
61,Beck Inc,Game word town animal hundred thus treat though wonder decade again human employee mouth.,True,380
62,Cowan-Lee,Among fear some station single actually local player off.,True,704
63,Stout Ltd,See a attack around cultural huge travel particular wife author house south education by item without.,True,395
64,Perry-Fisher,At ahead reason detail consumer game happen write religious myself blood range time seem.,False,705
65,Curtis Inc,Bag tend determine bed citizen notice another stuff manage attorney scene then represent.,True,958
66,Clark-Johnson,Agency father news professional benefit make defense surface feel student edge exactly.,True,108
67,Johnson Inc,Article lawyer popular man laugh mother peace authority business brother art claim part.,False,495
68,"Guerrero, Ruiz and Patrick",Result risk pretty lay same should even point question science much have series last again.,True,977
69,Shaffer and Sons,Pick that floor open road evidence majority owner bar win stand set respond.,True,130
70,"Roberson, Robinson and Summers",More music table fire describe amount above firm degree enough deep enough stand company.,False,617
71,Allison-Smith,Hotel shoulder glass energy girl speech simply its fact.,False,162
72,"Davis, Coleman and Rice",Ball likely stand star play apply successful give clearly listen when word.,False,260
73,Jennings Inc,Short apply watch truth network wind sport writer actually threat middle investment reason blue sign.,True,131
74,"Smith, Torres and Hobbs",Huge five stock less low behavior card blood.,True,416
75,Black-Smith,Tonight who surface the yourself too wind tree campaign free usually low stock later authority.,False,319
76,Hubbard-Boyle,Improve population ever yeah story beyond line dog themselves style into notice course level with.,True,678
77,Jackson-Stevens,Mrs strong policy man lot send quite occur because phone history different.,False,804
78,Mccann Ltd,Prevent science air enter right think good position article key.,True,806
79,"Cochran, Bell and Cowan",Per watch rock piece development difference practice maintain.,False,895
80,Hernandez-Robbins,Away before police politics with general range teach discover sing similar before call.,False,291
81,"Velasquez, Vega and Kerr",Its natural shake beautiful rest role huge.,False,386
82,"Clayton, Kerr and Johnson",Movement goal base miss enjoy customer staff daughter economic itself article you mission kitchen pick.,True,132
83,Mitchell and Sons,Top end region less certain song make face after imagine matter.,True,94
84,Morrison and Sons,Hospital door few low page wear common summer bit.,True,510
85,"Jackson, Mckinney and Williams",Give moment child cause live day bill under front benefit prove.,True,33
86,"Buck, Long and Powell",According something performance window score end would interesting resource sure can.,False,290
87,Kirk-Morales,Vote boy or at have leave easy reach century network foreign politics.,True,823
88,Joseph LLC,Personal great this employee forward money analysis.,True,403
89,Barnes-Nichols,Fear difficult project budget lay another movie dog glass experience computer true sit turn gun.,False,670
90,Mckenzie-Lara,Mr hit administration country half eat blue interest stop find blood energy billion she pretty.,False,315
91,Valdez LLC,Ten nothing produce thought picture stock media present wait finish economy nice time account.,True,111
92,Taylor Group,Career kind majority black focus positive yet create.,False,75
93,"Smith, Garza and Maldonado",Even now want add moment prevent agreement soon there Mrs safe.,True,425
94,Knight Inc,End best pay home new far choice north let edge camera indeed five.,True,413
95,Burch-Warren,Draw these floor condition increase would never half myself.,False,75
96,"Melton, Roy and Tate",Add recognize a forward crime Mrs national however model look civil right suggest choice training.,True,781
97,Smith Inc,World my tonight interest scene vote day remain.,True,998
98,Gray-Holland,Both especially give within attack official no knowledge stuff.,True,195
99,"Jacobson, Gibson and Anderson",Story reason final start choice next describe Mrs system.,True,15
100,Silva-Warner,Customer old time star maintain pretty past go because participant side second vote.,False,829
101,Cox-Warren,Lay whom throughout power energy pressure positive staff best itself production ago.,False,135
102,Choi-Peters,Debate recently change important even one protect arm smile put statement particular.,True,141
103,Patterson PLC,Physical church among less sit meet radio ready ever surface two ball.,True,678
104,Hart PLC,List class evidence situation feeling school establish either success.,True,99
105,"Melton, Fisher and Tran",Wife get music against those prevent would stock newspaper product green soon ball tough expect.,False,881
106,Brandt Ltd,Land rate price pay form yes toward service their instead agency reach.,True,96
107,Coleman-Greene,Ability fund president book sister herself charge.,True,528
108,"Lopez, Oliver and Zavala",Six question above win general occur always to large catch reason.,False,382
109,Williams-Mcmillan,Ready today study mouth machine leader drug today approach rather defense keep protect owner.,True,443
110,"Davis, Mueller and Brown",Economic political film show ball add enough simple animal child crime firm test.,True,264
111,Hutchinson-Bryant,Worker step yeah simple seem us support her whatever growth.,False,57
112,Reed-Rivera,Newspaper wait theory growth right international his worry may modern price finally win.,False,684
113,Rodriguez-Williams,Compare good if enter summer draw know.,False,153
114,"Bailey, Richards and Reid",Experience lawyer expert brother recognize head forget seat deep cultural American owner friend black assume.,False,721
115,Garza Ltd,Cup population talk hair pattern for evidence concern modern.,False,545
116,Ortega and Sons,Eye pattern pass suggest three responsibility ball accept blue.,False,630
117,"Bennett, Terry and Murray",Here stop nation will tend mind page just yes development.,True,714
118,Berry-Nelson,Your day player simply hospital way mouth defense measure bank place.,True,688
119,Haynes PLC,Source him whose first purpose music country smile increase fish rise toward language north.,True,252
120,Bowman Inc,Create ask year after five suffer federal cause physical son sell few.,True,202
121,Howell-Medina,Interest fly north style policy indeed bed alone million late decide sit reason.,True,316
122,Bailey LLC,Commercial door season energy on common computer have.,True,990
123,"Brown, Curry and Roberts",Student back big himself condition record establish debate bill situation others method.,True,626
124,Harris-Simpson,Child between eight total almost modern avoid while.,True,615
125,Harrington Group,Discussion father debate evidence indeed consider yourself though heart whether early happen everyone.,False,294
126,"Powell, White and Ballard",Also commercial character growth reveal because question what direction go their little power protect.,True,756
127,"Diaz, Baker and Garner",Movie college anything third center reveal early expert like theory either.,False,86
128,Pennington-Cantu,Animal if baby break difficult admit entire pretty tree career.,False,276
129,Singleton-Martin,Appear man sell industry some woman professor despite hand group dream.,False,675
130,Lawrence-Brown,News third partner sing father so oil amount them.,True,419
131,"Ward, Dawson and Clark",Traditional about perhaps same call picture a purpose act edge.,False,95
132,Johnson-Gibson,Administration include stuff get follow organization partner whom although huge movement however.,False,702
133,"Crawford, Mccormick and Joseph",Clearly college consider edge adult human real off test.,False,972
134,Phelps-Harrison,School east serve future bad public sort suddenly.,True,558
135,"Thomas, Williams and Huff",Huge card certain citizen in task will building ability sign player upon fear certainly scene.,True,82
136,Jackson and Sons,Chance reality similar argue agree course language.,False,658
137,"Jackson, Hopkins and Martin",Four political structure note research do discover class follow herself.,True,741
138,"Everett, Bright and White",Thus recent ever same son experience tonight Mr whom team than.,False,587
139,Carpenter-Cox,Attorney every necessary a let our hot to down area magazine could.,True,439
140,Griffith LLC,Like right instead majority usually sit investment onto factor speech protect occur remain.,True,333
141,Gonzalez-Barber,Reality create maybe ask it order close yard watch.,False,398
142,Gonzalez Ltd,Culture voice foot return design over agreement certain.,True,997
143,"Johnson, Carpenter and Thornton",There reach your federal commercial full civil.,True,89
144,"Archer, King and Wood",Push mission station note offer dinner themselves popular alone increase choose whole reality.,False,137
145,Day Group,Both type teacher need speech those tell debate mission meet wall.,True,710
146,French-Miller,Against drug allow police environmental no guess generation meeting yard generation training can consider recently course.,False,77
147,Olson PLC,Them audience job spend me fear race expect rest send collection people especially.,False,665
148,Singh Ltd,Thank among point herself carry stuff leader voice very a common standard.,True,381
149,"Vega, Pratt and Reid",Throughout billion book property throughout them great improve president without central.,False,806
150,"Russell, Fisher and Newman",Skill value still wear school nothing few.,False,159
151,Wright Group,Color eye she service without choose involve establish risk different within.,True,290
152,"Jones, Hinton and Evans",Receive town subject yet debate author change success.,True,110
153,Lee-Wilson,Assume put very move practice air trial say drive whose back would clear guy scene side.,False,237
154,Willis-Campbell,Less itself practice property fact clear including view do level probably air model same rule.,False,984
155,"Johnson, Taylor and Key",Model across hot policy wall bit school lot respond present agent.,True,811
156,Silva-Serrano,Keep recognize reach rule south true common air.,True,189
157,"Burke, Smith and Rosario",Argue enter candidate arrive always suggest rate deal ahead girl skill.,False,612
158,Davis Ltd,Message near although indeed side know special positive environment enter direction visit forward again go.,False,107
159,Ball-Velazquez,Appear choose garden discover home bit friend brother trade its ten likely benefit debate.,False,727
160,Jensen-Baker,Hotel positive instead for place west their.,False,574
161,Valentine LLC,Building recognize market material avoid certainly just focus all possible.,False,632
162,Flores-Hardy,Feel after military rest alone particular purpose campaign she.,True,928
163,Hess Group,Between address us save party down avoid.,True,184
164,"Bird, Raymond and Thornton",Significant agent organization raise box strong technology later religious yes onto.,False,979
165,"Haynes, Sparks and Lopez",Language together run friend option tough performance song enter court remain start chance interview population.,False,195
166,Sanchez-Giles,Personal take style thus nature these also audience she not role recognize life.,False,835
167,Lopez-Fitzgerald,Likely pay do history learn at manage member three edge approach participant development grow.,False,498
168,"Neal, Tanner and Lee",Year lawyer condition no public social history stock.,True,275
169,Day-Smith,Step true operation whose safe quickly high successful husband think no tell week institution.,True,713
170,Madden Inc,Even pull person score Congress pretty watch local together describe include simple individual thousand deal.,True,683
171,"Larson, Cordova and Williams",Reduce poor manage across respond government moment ago already story any part nature.,True,156
172,Butler PLC,Guess reality opportunity measure along worker white through up.,False,591
173,Marsh-Richards,Simple such end individual hotel head recognize other seem once why.,False,64
174,Ross-Perkins,Measure score too particularly Mr including miss particular down study behavior kind nor western behavior budget.,False,734
175,Graham-Cook,Why you so everything stay fund that.,True,704
176,"Baxter, Cook and Griffin",Throw per appear Mrs statement hour trade water arrive.,False,733
177,Simpson-Peters,Sure think line happen data some wall thousand eat product wonder management dark.,False,197
178,Crawford PLC,Color leader and step ago manage become able.,False,372
179,Wright and Sons,Me suggest either best shoulder act rate.,False,524
180,Ray LLC,Region movement someone box hundred base adult they end entire out exactly six eye.,False,292
181,"Mccarthy, Eaton and Robbins",When center ready world ready thing car bit future sister social water college.,False,543
182,Smith-Sweeney,Power surface include return once total religious onto him medical husband economic within office describe.,True,322
183,Barnett Group,Good theory white mother computer must news improve size field effort.,True,980
184,"Moran, Walker and Lowe",Tough help popular already wide artist forget fund sing life fill hot democratic.,False,426
185,"Espinoza, Valdez and White",Administration citizen usually coach maintain view game suggest far right probably fish smile today civil.,False,875
186,Vasquez-Moss,Use important become her throughout them media perform maybe civil financial same suggest guess capital.,True,659
187,"Robinson, Meyers and King",Physical feel far from ready thing nearly.,True,88
188,Rose and Sons,Help way hope sense model your family most you case represent.,True,977
189,Mcneil-White,Report development baby production cut look letter over wrong peace somebody relationship receive might want.,True,179
190,Howard PLC,Treatment draw you speak audience paper chance yeah season get.,True,96
191,Romero and Sons,Nice blue practice sell remain certain glass leader trip develop such animal customer green.,False,577
192,"Brown, Dawson and Brown",Into land four a since couple seek machine traditional PM throughout himself arrive detail teach.,False,837
193,Robinson Group,Especially will line be green stock store same.,True,995
194,Gilbert Group,Remember political meet show somebody choose record present indicate nation away month receive.,False,703
195,"Ward, Simpson and Harris",Attention that hospital bag prove she other fill together art stay open force.,True,501
196,"Dixon, Harris and Sweeney",Until pressure interview call minute personal who listen long foreign a difference.,False,537
197,Gill-Campbell,Though later probably according campaign positive clear stand.,True,425
198,"Ingram, Maynard and White",Tree heavy gun condition have edge purpose election doctor figure.,True,641
199,"Schmitt, Avila and Waller",Painting guess group door prevent pick college rate task energy.,True,942
200,Rivera LLC,Tend group then recognize particular without remain whom attention no pretty his reality parent.,True,741
201,Brown-Mathews,Music toward chair that late surface good ready do prepare possible entire agency statement people.,False,729
202,"Owens, Love and Dunn",Establish suggest sort art past yet employee thought share feeling interesting.,False,260
203,"Cruz, Ramsey and Burton",Player another Republican hundred thousand subject visit company close keep let born knowledge lay lose.,True,631
204,"Miller, Small and Martinez",Church scientist deep usually suddenly doctor month manager as after policy democratic away.,False,997
205,"Bridges, Sanders and Perry",Interest financial purpose however right mission officer run look.,True,700
206,Jackson-Doyle,Catch find notice pick consider election if window up interest amount reach bill success.,True,189
207,Little PLC,Grow particular free Mr reality court firm character me wonder ago per factor audience since.,True,385
208,King LLC,Yet long the series who generation fire yeah tax.,True,536
209,Grant PLC,Base begin page ability state itself line into property culture that decide.,False,985
210,Winters-Evans,Network cover threat claim follow account development guess during truth.,True,442
211,"Ramsey, Thompson and Oconnor",Beyond front feel idea foreign task attorney.,False,398
212,"Chapman, Jacobs and Sweeney",Likely discussion reflect lose growth mouth rise hard cultural American together soon describe fill.,True,392
213,Ballard-Lin,Themselves pattern middle sound win join its information system feel protect rest today.,True,356
214,"Walter, Johnson and Powell",Seem six teacher seven north plant help report age cell.,True,861
215,"Phillips, Gilbert and Shields",Become stop entire enjoy defense seven piece anyone.,True,307
216,"Alvarado, Weaver and Jackson",Often debate lose themselves behind use democratic character option measure onto star other street American.,False,504
217,Oneal-Norman,Perform vote majority international its would article physical hold alone down financial.,False,281
218,Smith LLC,Thank minute bad red customer star total deep drive a group.,True,12
219,Gonzalez-Garcia,Build worry entire forward place pretty perhaps official.,False,232
220,"Wells, Moss and Rodriguez",Successful year perform price own at here assume poor first record can.,False,961
221,Good-Turner,Skill agent now agree there avoid station add series future.,True,967
222,"Robinson, Harmon and Smith",Factor part hair suddenly crime environment part debate arrive sure increase watch he.,False,923
223,Harris-Mccoy,Grow condition side whole seat until quality.,False,68
224,"Payne, Garrison and Lucas",Admit son yes many enter everybody third form green yard raise now decision response all.,False,16
225,Mcclain-Fowler,Series public site between treatment not hard note phone doctor popular often really sport.,False,346
226,Jimenez-Mcdaniel,Test worker choice word trial forward mean wish most respond end yet paper certain add you.,False,372
227,"Rhodes, Schmidt and Benitez",Similar skin stock foot method customer resource whether and long Democrat likely.,True,15
228,Hernandez LLC,So important politics figure great reality lead minute water back country window reveal give president.,False,921
229,Smith-Brown,Network drug suddenly hit management almost also everybody.,True,421
230,Torres-Sandoval,Radio program media billion themselves old question close force.,False,19
231,Lyons Group,Follow guess bad especially view production respond realize safe.,True,451
232,"Weaver, Brown and Pruitt",Partner product building certainly eight many issue book.,False,212
233,Robertson-Young,Seek also image garden serious use in baby but stand include.,True,551
234,"Elliott, Black and Rangel",Ability ask report despite receive but lawyer stay.,True,430
235,Holden-Garrett,Practice town cost nature positive worker court measure between drive example through compare.,True,945
236,"Johnson, Tucker and Bates",Finish current purpose teacher number political garden party.,False,17
237,Mendez Ltd,Class political job discuss charge weight man beat record make level.,True,797
238,Ashley LLC,Bag whatever glass leave thank meeting study themselves health from necessary or responsibility so cold interest.,False,241
239,Sims and Sons,Benefit cup necessary center since look poor commercial movement.,False,414
240,"Martin, Vance and Williamson",Writer himself simple president during enjoy allow person subject middle book write blood guy.,False,316
241,Taylor-Watson,Despite this exactly assume administration break decision example.,False,448
242,Wall-Lopez,Eat politics maybe themselves agree summer from training catch card long.,True,559
243,Johnson-Guerrero,Apply figure letter performance practice partner save million last contain idea option possible.,False,121
244,Miller-Lewis,Take real skill peace herself collection language.,False,682
245,Lee-Cunningham,Ago always both black tell material answer we green contain animal at this small.,False,175
246,Olsen-Dudley,Central what hard now development power travel decision necessary space discussion.,True,372
247,Sullivan Inc,World school perform professor film film there old always boy page money response.,False,15
248,Merritt-Conner,Have nation law dream art culture brother positive very.,False,914
249,"Morales, White and Turner",Idea concern subject fund meeting return experience heavy oil deal.,True,123
250,Burnett Group,Market ten mind age position least assume threat standard marriage election fill any choose maintain.,True,301
251,Ayala-Guzman,Everybody visit kid stay image into appear finally sense.,True,146
252,"Ellis, Wilson and Warren",Attack collection majority key detail statement less open just military factor record leg.,False,441
253,Holt and Sons,Political stop tough bit indeed force expect standard.,False,932
254,Ramirez-Saunders,Gas just lead southern rich over rest live kind area final policy.,True,174
255,Novak-Johnson,Author cultural simply energy character common goal.,True,981
256,Rodriguez and Sons,Phone group language camera appear hand small trip class surface bit light play great fly.,False,992
257,"Powell, Gaines and Malone",Democratic film measure career child continue anything authority industry toward image.,False,131
258,Martin-Peterson,West then blood everything leave another in week.,False,510
259,Jackson-Johnson,Draw claim bring of hope style performance smile arrive run institution girl however nothing travel.,False,829
260,Nunez LLC,Mind evening goal design economic trade authority town agree almost thousand color Mrs heart identify.,True,342
261,Evans Group,Each cost student build white letter buy heavy opportunity.,False,523
262,Zamora Group,Front involve doctor we quickly deep together.,False,144
263,Johnson Inc,Describe so and lay collection century level pay we that tree.,True,990
264,"Lee, Ross and Randolph",Must however bank similar worker real likely term late.,True,821
265,Whitehead PLC,Brother as deal present common various character debate.,True,139
266,Diaz and Sons,Decision management analysis expert modern air president pick enough.,True,362
267,"Maldonado, Ross and Wright",Everything body various college bit rich hand.,True,795
268,"Collins, Mcdonald and Wright",Number argue building this prove back history stop serious find protect authority chance particularly interview serious.,True,63
269,"Huerta, Baker and Miller",Serious enter majority term cold produce learn.,False,449
270,Rivera and Sons,Including step collection we stage woman ever property sign word speak act.,True,454
271,"Wolf, Wu and Brennan",One all identify sell rule compare control identify.,False,306
272,"Jones, Wilson and Olsen",Front conference owner commercial law someone ok if fact cause certainly they parent under east.,False,507
273,Jones-Ramos,Whom hope majority hear machine civil election trial hair minute stand with theory job.,True,789
274,Porter PLC,Dog production answer cut sport create memory hot player goal.,False,263
275,"Johnston, Christian and Perry",Him military my against open indicate draw agent cost central your add cut.,True,756
276,Hopkins-Smith,Them peace night dog develop soon enter radio democratic line last computer still direction.,True,265
277,Mccoy Ltd,Writer reflect performance them foreign citizen statement scientist call east rock east house.,False,795
278,"Brennan, Dixon and Thomas",Ahead likely sometimes middle site pay generation maybe piece project turn.,True,894
279,"Mason, Lawrence and Hunter",Outside no artist affect debate hour computer.,False,727
280,Carney LLC,Stop control grow else hope discussion card region relationship conference time big.,True,692
281,Barajas-Young,Anyone benefit peace official since control usually kind gun be professor full.,False,213
282,"Hinton, Harrington and Henderson",Human simple fast or foot blood current interesting spend above save game less such political.,False,733
283,Foster-Torres,Assume quite mention defense to probably law cover of on beautiful enjoy hundred unit.,True,727
284,Rowe and Sons,Oil professor meet you skin wide leader scene inside them great peace sell.,True,203
285,David PLC,Your include kind article contain culture ever fill remember society girl bit.,True,244
286,Young-Estrada,Culture quite wind father billion individual involve build life shake remain.,True,145
287,Hernandez-Thomas,Quite capital population special soldier success court message property.,False,49
288,"Johnston, Rangel and Scott",Billion force all computer up music rock force media day.,False,206
289,Wells Inc,Finish save follow whole fish interview cut public far different recent.,True,446
290,Jacobs Ltd,Throw herself upon crime give land be grow.,True,641
291,Grimes-Clark,War coach few machine improve number cell purpose allow type card water option rise.,True,103
292,Barton-Watts,Upon use get budget news of rather beyond nor.,True,399
293,"Palmer, Miller and Manning",Walk others crime turn focus role full customer turn whom book development.,False,547
294,Schwartz-Allison,Issue investment action evening difficult radio machine property.,False,726
295,"Guerra, Reyes and Miller",Red low individual send take white source company law more she few a reach.,True,237
296,"Hammond, Taylor and Wheeler",Worry take evening never college crime pattern within population threat necessary those laugh sea.,False,446
297,"Cruz, Scott and Oconnell",Thousand third parent century hair east building.,False,72
298,Nguyen-Smith,Study its far doctor suffer total even dinner their call her from generation.,False,669
299,Cardenas-Chen,Family election green process artist good cultural quality argue meeting position civil sense control break decision.,True,321
300,"Harvey, Simmons and Hunt",Dark grow record provide pay blue paper think letter easy gun.,True,285
301,Padilla-Sandoval,Center Republican recently especially maintain imagine inside computer market.,False,297
302,Murray Inc,He defense PM others four with painting understand southern interesting nothing past maybe.,False,738
303,"Anderson, Baker and Gutierrez",Parent room region minute foot physical building oil.,False,262
304,"Wall, Jensen and Gaines",Fine not budget city author education reveal without.,False,926
305,Riley Group,Chair travel nearly weight manager almost against sing city prove machine real yeah.,True,196
306,Harris LLC,Issue value son discuss who smile probably kid speech major baby population old house.,True,10
307,"Gomez, Montoya and Kent",Surface age college son direction week impact guy among brother science material message nor cause onto.,True,686
308,Miller-Graves,Agreement conference read and situation behavior kid total stock knowledge pay area girl have call loss.,False,227
309,Benson Inc,Party trip general reduce fall heavy name exist station discussion decision.,False,493
310,Frank Ltd,Name film room increase at try debate fact customer apply case become American instead any.,False,940
311,"Wise, Scott and Mathews",Source American hand season during yet until budget magazine low this.,True,451
312,Harris Ltd,Very remember amount serve strong trouble book rest charge wish.,True,268
313,"Jefferson, Moore and Owen",This professor notice which attack up leave.,False,382
314,"Wade, Wilson and Miller",Name way art understand dog must drop.,False,321
315,Osborn-Frazier,Side cell style soldier last third dream.,True,109
316,Henderson-Nelson,Tough paper race give travel later continue hospital.,True,709
317,"Petty, Miles and Martin",Professional discuss reflect whose century different little.,True,349
318,Dean-Green,Parent own age course push short catch.,False,769
319,Gilbert-Mendez,Office police wait story agency sure lose detail turn contain.,False,770
320,Cordova-Flores,Way far prove teacher realize office hospital past region dog.,False,253
321,"Cox, Reed and Rivera",Agree ability type word record tough under quite question.,False,225
322,Ayala-Pierce,Man center land arm bit road reality talk letter wind question.,False,99
323,Garcia Ltd,Lead past area general economy to others you drop avoid which decade according ever.,True,143
324,"Williams, Bowman and Anderson",Area change sell our common game strategy force.,True,52
325,Wilkerson-Wilson,Democrat argue argue several international until pretty deep reduce someone citizen billion hit.,True,207
326,Houston-Dean,Brother clearly experience civil table degree hair three girl.,False,957
327,Fowler LLC,View huge ask west our rise suddenly allow to note themselves avoid fear.,True,86
328,Sellers-Juarez,Suffer sense set trade without compare which very show government into find marriage.,False,318
329,Silva-Roach,Quality main above brother imagine half story how out similar including evidence.,False,789
330,Jones-Brooks,Fine case young former me able their.,True,556
331,Baker-Bernard,Pay another role another since read imagine according weight hope medical site stock mean.,True,54
332,Baldwin Inc,Central let a sometimes police agree pass Congress company continue simple difference actually.,True,206
333,"Montoya, Griffith and Baker",Without these care manage during what benefit the memory enjoy table picture.,False,573
334,Santiago-Anderson,Way every send night drive world finish today wrong dinner matter produce now physical owner pass.,False,922
335,Hamilton LLC,Want two population outside fund card resource present focus can.,False,926
336,Duncan Inc,Nature market few offer economic as bag throw.,False,469
337,Allen-Henderson,North particular benefit that fire able pull.,True,942
338,Jacobs-Price,Peace laugh power especially agreement relate pay happen.,False,79
339,"Clark, Bartlett and Gay",Over evening become respond clear put toward sport then cost phone we.,False,439
340,Nelson-Johnson,Natural company forget relationship financial free thought paper off leader strong service wonder word.,True,180
341,Clayton-Riley,Price ahead tax I traditional interest every deep half beyond stage energy.,False,723
342,"Harris, Abbott and Edwards",Onto hair wide machine say really on suffer though indeed stuff book.,True,306
343,Price-Chambers,Our itself again model concern interesting affect college different sport price.,True,988
344,Livingston LLC,Yeah remain himself body week light region over thing none until produce.,True,823
345,Harris LLC,Term reason environmental realize drug music list religious marriage able night because situation read relate.,True,768
346,Wilson and Sons,Someone particular theory view decade behind dog every picture kind.,False,516
347,"Marshall, Blake and Garcia",Me sign indicate early member service pattern American mention attention push common say store.,True,179
348,White Inc,Example family sport dream fish page method theory no indeed eight.,False,778
349,Alvarez-Pratt,Song win protect future performance admit reflect.,False,585
350,"Lopez, Phillips and Anderson",Material religious much sit stop worker system size.,False,420
351,Snyder Ltd,Decide alone would traditional style school list color religious police marriage.,False,221
352,Sanchez LLC,Boy impact clear class bank these task party until main industry happy explain compare begin.,True,13
353,Smith-Brown,Analysis carry black car act style prevent item rest.,True,595
354,"Morgan, Montoya and Price",Campaign series early rich analysis table bit even under help try without think oil agree.,True,616
355,Wilkins Inc,Experience wait us either even treatment once same keep goal letter chair tonight area majority.,True,910
356,Frey-Shelton,Student in notice only walk spend for their feeling figure really guy finally attention.,False,525
357,Stevenson-Moore,Reflect memory member project hour her ten those particular.,False,320
358,Wright Inc,Up family baby voice better since reflect pay material end despite Democrat machine time.,True,313
359,Goodman Group,Your edge charge either clearly fish several somebody respond.,False,575
360,"Byrd, Hill and Garcia",Little Congress window talk trial analysis father attention low describe local.,True,185
361,"Williams, Jordan and Martin",True page professional new majority lay difficult health best a game morning whose least ground up.,True,56
362,Montes and Sons,Way month exactly write she these road news get.,True,308
363,"Elliott, Norris and Black",Month treatment sometimes own establish no market threat.,True,664
364,"Young, Taylor and Day",Effort customer truth seat throw five could final could nor law better other.,True,974
365,Garrett LLC,Stock the push democratic fact everybody cultural.,False,959
366,"Maddox, Huff and Johnson",Party ball science several different heavy develop.,True,286
367,Wong-Smith,Pretty professor share color effort me stuff say type budget career treat cold many specific.,True,667
368,"Reynolds, Greene and Miller",Field born writer structure probably likely clear exactly prepare.,True,853
369,Thompson-Johnson,Now pick baby century town decision bed similar less medical ground international group.,True,557
370,Velazquez PLC,Apply everybody wind seem level hope bring.,True,11
371,Walker Group,Fund likely begin work affect history in Mr likely.,False,657
372,Allen-Osborne,Year door establish something will stage before really especially travel me tend dinner answer.,False,342
373,Rodriguez PLC,Movie court create table will form both cause.,True,979
374,"Boyd, Johnson and Harrell",Apply herself discussion agency already site pull news.,False,749
375,Rhodes and Sons,Office for support soon from stage region everything heavy.,True,428
376,Reynolds Inc,Have tonight weight approach his different yourself understand threat citizen use.,False,342
377,Moore-Madden,Interest term seat call important recently hope manage popular onto everyone green seem.,True,650
378,Avila LLC,Realize growth site end would hand page mother heart.,True,853
379,Olson PLC,Always positive face seek memory magazine watch attorney into but herself gas thousand.,False,234
380,"Morrison, Lopez and Davis",Evidence contain above girl put end subject let wish article modern study.,False,190
381,Schmidt PLC,Full responsibility hard good me water difference end enjoy no.,False,26
382,Cannon-Cole,Sign represent employee glass factor class ok work rule summer defense morning something force middle.,True,749
383,"Petty, Mercado and Rice",Southern three laugh technology them traditional loss consider.,False,978
384,Hall-Malone,Four accept teach white mission sing though end.,False,900
385,Rodriguez PLC,Quickly task sound include audience research none order less commercial.,True,846
386,Yoder-Smith,Rich rock performance society than political course.,False,235
387,Solis PLC,Go area data Congress none early baby range after eye southern event whole perform.,False,285
388,Moore-Elliott,Audience arm interview foreign well hold sit develop remember sign rich.,True,605
389,"Adams, Jones and Davis",Strategy this seek wear machine people big enough.,False,169
390,Garza-Arnold,Son doctor democratic PM window soon some language participant make including another amount wide.,False,247
391,"Lynch, Pearson and Ramos",Appear organization left as democratic have push site high term name.,False,387
392,Davis-Rose,Skill specific American matter stop beyond try seek car bring reduce nice.,True,933
393,Sawyer PLC,Five suddenly along two strategy seven throw.,False,105
394,Gross PLC,Smile risk born situation trouble job million local ask stuff.,False,195
395,Campbell LLC,Bank sort since international structure next season guy.,False,199
396,"James, Mejia and Barr",View medical history item certainly as them after situation spend education feeling sport hospital force will.,True,203
397,"Hill, Rodgers and Santana",Such professional society trouble street enjoy modern former.,False,975
398,Meza-Williamson,Ability they family why practice catch democratic who conference break leg fly.,True,673
399,"Ramos, Hahn and Anthony",Child choice husband real past point add black model last.,False,31
400,"Floyd, Ford and Parker",Concern seat never material crime article TV together partner.,False,176
401,Johnson PLC,Individual term serious join nothing all church society participant its practice such our.,True,847
402,"Williams, Conner and Vasquez",Fear young foreign either store fly maybe enter fight imagine life response brother.,False,713
403,"Ochoa, Schultz and Rodriguez",Effort letter second deep success miss support show certainly situation.,True,81
404,Shaffer Group,Whether either safe place campaign technology shoulder side face into figure physical positive.,True,83
405,Mcclain Inc,Choice beyond feel his for surface who.,False,261
406,Howard-Sexton,Wrong common without carry eat smile four each give individual speak worry similar model white.,False,940
407,Cabrera-Townsend,Field top chance accept skin determine record natural both do player police.,False,112
408,Sparks Inc,Public loss account trial theory boy bad security more PM study deep.,True,754
409,Sanchez-Nelson,Available group leg reveal if although simply heavy together large point age thought star painting.,True,627
410,Martinez LLC,Although voice news begin air official enter determine.,True,396
411,Taylor Group,Catch add heart however eye land including country across plan.,False,31
412,Reyes and Sons,The special individual difficult political because east second learn.,True,856
413,Villarreal PLC,Yeah everybody entire with control return factor option air heavy yes either high born.,True,791
414,Hunter and Sons,The as market remember care music organization fine financial anything mother prevent employee newspaper.,True,145
415,"Carter, Wiley and Anderson",We machine statement prepare free parent tree new operation condition understand explain general far road.,True,798
416,Hernandez-Smith,Feel option human body stop list money song.,True,284
417,Clark-Rodgers,Return key people herself value with issue.,True,971
418,Atkinson and Sons,Note song unit room across second pick campaign get goal.,True,821
419,Larson Ltd,Term hard really lawyer state property design compare grow.,True,990
420,Cox-Ball,Southern but yourself scene bring knowledge business down deal newspaper in through strategy place.,True,565
421,Rogers LLC,Often find network though little leader attention food range part give recent message.,False,883
422,"Miller, Brown and Bailey",Mrs side yes former city training defense interesting exactly pull dark.,True,217
423,Jordan and Sons,Popular pattern value inside move reveal little.,True,501
424,Hernandez-Neal,Form fire however keep carry realize keep want war already himself pattern billion value.,False,845
425,Shea PLC,Whole scene military north every bad experience occur day she base floor.,True,324
426,"Zimmerman, Stewart and Brandt",Hit successful between among respond prevent act early with.,False,500
427,Jackson Ltd,Science near term certain process into government behavior receive artist key speech.,True,259
428,"Robertson, Kim and Wong",Memory race well film thank ahead less factor front push today.,True,566
429,Rojas-Harrison,Building thousand together start security social test may best each serious.,False,652
430,Walker-Glover,Relationship culture forward same leg measure here themselves law around.,True,31
431,Johnson-Ball,Into and hit political ground middle guess challenge bank another message important.,True,115
432,Villarreal-Moss,History within market tend possible employee Congress evening purpose.,False,115
433,Gonzalez-Graham,Method decision on sign anyone accept attack process choice top major.,False,155
434,Chen-Schmidt,Business democratic quality place certain ball believe or southern next task well move themselves campaign.,True,944
435,Cook-Davis,Western let gun inside account memory whole issue keep success see call capital others beat.,True,34
436,Parks PLC,Collection blue somebody street their front see maintain majority back.,True,447
437,Singleton Group,Notice break for require soldier major wear son situation general pattern.,False,160
438,Henderson-Wood,Technology there fly send interest similar book Democrat.,False,681
439,Bryant Group,Should edge really including movement than would crime.,False,241
440,Young LLC,Could exist actually list yard indeed play.,False,713
441,"Alexander, Griffin and Brewer",Into firm remember much boy suggest talk major pass newspaper computer.,True,513
442,Shannon LLC,Myself majority likely start tonight goal design assume at financial program health nation production follow.,True,122
443,Harvey-Gillespie,Nation smile fall this back film close season political million.,True,114
444,"Weeks, Frank and Wright",Agent happy learn today particularly right window want.,False,375
445,Combs-Richardson,We significant theory stand place term throughout do without.,True,640
446,Wyatt-Tucker,Find believe television to raise edge one top see seven mind.,False,131
447,"Brown, Smith and Lambert",Along save friend sense consumer save box third cup role career.,False,955
448,Clark Ltd,Join house top reduce benefit watch usually.,True,927
449,Hicks-Romero,Level near write glass may relate man run green red local between them beautiful true own.,True,629
450,Butler-Holland,Approach heart remain vote son police number great again team while reveal save daughter card manage.,True,192
451,"Hayden, Long and Gates",Will work number feeling adult director walk vote former political you there trouble end benefit.,False,553
452,Williams Group,Hear believe southern democratic concern none outside live apply Republican piece now television.,False,624
453,Chaney PLC,Skill walk quickly clearly responsibility local feeling fish miss interest know.,True,705
454,Thomas PLC,In heavy box PM tax friend piece identify attention exactly dinner surface general culture.,False,163
455,"Hendricks, Sims and Sutton",Next strong office only term each upon condition world anything mind.,False,649
456,Ray-Williams,Win ahead compare billion quality allow identify.,False,366
457,White-Sanchez,Reveal design daughter stage chance artist this key soon occur lot step class avoid.,True,287
458,Bowers-Harrison,Road which politics concern along billion career throughout my card remain.,False,687
459,Leach LLC,Rule make note door different event art.,False,965
460,"Peck, Willis and Velasquez",Too recognize wind five particular hot loss everybody machine writer first real top item medical clear.,False,840
461,Alexander LLC,Leg put win but assume opportunity whose take pretty painting beat here sea ability.,True,817
462,Walsh-Smith,Position officer interest claim everybody front kind wrong face.,True,892
463,Smith Inc,Paper market PM always would whose interest week street film.,True,806
464,"Miller, Farmer and Fernandez",Population statement fight prepare main even report recognize account return center her teacher I likely.,True,337
465,"Cohen, Ruiz and Watson",Most skill expert machine really hit food above century section industry day treat born.,True,409
466,Hernandez LLC,Have else catch instead fill draw something room able example town have school popular.,False,748
467,Garcia PLC,Process interest concern space education just able woman charge.,False,844
468,"Rasmussen, Brown and Nixon",Any effort moment suddenly month serious evening pick.,True,125
469,"Matthews, Harper and Massey",Long each them sit policy sense party data measure right money standard network decision rest huge.,False,992
470,"Gibbs, Hernandez and Hunt",Decision that its Mrs treat her Congress center forward make still owner represent past.,False,158
471,Daniels-Henry,Growth box page agent walk eight trip identify project upon upon computer training sister right arm.,True,340
472,Ford-Bright,Impact piece continue because argue identify lead wonder southern.,True,196
473,"Castaneda, Nixon and Lambert",Red lot mouth attack participant grow office enter involve wear.,False,371
474,"Kline, Perez and Johnson",Realize exactly protect citizen eight hold area dog charge worker.,False,516
475,"Kennedy, Lopez and Bell",Movie sister book movie important hour deep oil again draw hair line enough idea data.,False,502
476,"Bailey, Cannon and Morton",Follow action cause up religious such meet Republican great simple society agree perform open memory.,False,626
477,Lam-Cantu,Claim recently environment something writer real upon ask environment agreement me level difference result maintain.,False,151
478,Perez-Mitchell,Dog high family north beyond article material truth painting know central claim.,True,402
479,"Patterson, Berg and Gray",Series food drop wear action market career simple.,False,572
480,"Brown, Bradford and Kirby",Like throughout join none task reality today board group that help organization act us middle their.,False,561
481,Gill Inc,Garden according agent partner show pay ball girl morning until up despite one product.,False,555
482,Delacruz LLC,Green job consumer consider benefit sea movie past evidence base perform similar.,True,403
483,"Brooks, Miller and West",Outside decade appear necessary first on onto among actually scene purpose itself hard assume style.,True,604
484,Jenkins Inc,Space million machine American southern possible as still.,False,549
485,Mcdaniel PLC,Director morning attorney finish nation threat source on serious threat however measure which doctor sit cost.,True,729
486,Brown-Thomas,Grow fly ten nice couple blood benefit present apply reduce national season month inside.,True,250
487,Austin-Arnold,Wind evening administration them myself wait into wrong learn performance cost matter such anything well.,False,12
488,Dixon-Torres,Already human check agree skill risk street hotel according possible final personal the guess.,True,881
489,Taylor Ltd,True apply house heart heavy student suffer stop ahead give.,True,381
490,Davenport LLC,Recent into machine through defense source of whose on unit final entire.,False,990
491,Hernandez-Bradley,Among course thank bar so simply rule use space adult by catch institution site market training.,True,953
492,Lopez-Lowe,Collection beyond spend ok candidate possible seven card machine court.,True,71
493,"Frederick, Rodriguez and Robinson",Account town Mr best enjoy within economic move should actually.,False,379
494,Cruz-Mcbride,Middle enough check hair floor who traditional hotel set.,True,311
495,Adkins LLC,American anyone growth news price TV record Democrat break light head throughout tree table especially.,False,157
496,"Stephens, Watts and Ballard",Law blood player which law whom Republican event unit turn sometimes they.,False,258
497,"Savage, Wilson and Santiago",Western even image thousand price game book behavior.,True,857
498,Dillon Group,Increase center how into network fact six project dog them rate detail.,True,67
499,Coleman-Ward,Threat peace animal production every two something do soon bill into continue investment especially suffer pass.,True,130
500,Fox Group,Fine though nature do design friend wait process.,True,396
501,Gonzalez Ltd,Bank current quality culture issue spring watch to clearly medical little father.,True,722
502,Spence-Lane,Knowledge security dinner per south book shake away recognize test.,False,390
503,"Martin, Jackson and Boyd",Program mission way sport product build play seem recent race fight month.,True,728
504,Griffin-Johnson,Crime live offer information second girl game magazine occur summer his medical drug eye.,True,688
505,Murphy Inc,Also first free back today production face hard can when down natural accept while.,True,498
506,Lambert Inc,Edge travel fight foot yourself man whether successful after standard high believe.,True,40
507,Everett-Rodriguez,Year go listen could international will establish rich become environment picture.,True,384
508,"Jones, Montgomery and Tucker",Hear politics prevent federal general find grow evidence tax prepare force simple my tax himself.,True,90
509,Sosa Group,Organization international back than anyone either thus million attention.,True,88
510,"Collins, Taylor and Mcdonald",Without present age organization all up skin rich his.,True,592
511,Peterson-Young,Help able group rich purpose pass memory.,False,163
512,"Mendoza, Clark and Johnson",Point help research catch your contain deal many strategy party food energy debate true.,True,491
513,Zamora-Rivera,Employee doctor decision successful clearly serious prevent.,True,776
514,Green-Harris,Technology which none thousand shoulder such benefit quality get pass its certain.,False,491
515,Schultz Inc,Particular performance learn level think red bed.,False,749
516,"Lyons, Wilson and Phelps",Before attention past become customer happen financial any political seven recently.,False,464
517,Mcclure-Thompson,Among camera sell offer consumer country employee.,True,303
518,Rosales-Lynch,Could position five of happen toward north choose as lot test focus others performance learn huge.,True,169
519,Garcia-Robertson,Pull peace four job movie into impact get law decision same bad camera author difference.,True,912
520,"Sheppard, Snyder and Hartman",Condition feeling say Democrat society eye simply former six eye media.,True,628
521,"Fuller, Montgomery and Blackwell",No camera character test Democrat perhaps court game eat sense.,True,525
522,Oconnell LLC,Majority quite expert here watch again skill well.,True,21
523,"Berry, Cunningham and Marquez",Will eight bill group single indeed black nation professor.,False,862
524,Williams and Sons,Class three resource decide full guy condition.,False,706
525,Carlson-Walker,Check great else energy call clearly standard physical include yourself.,False,577
526,Wilson LLC,Data little from already focus strong hotel myself key nearly special she.,False,951
527,Shelton Ltd,Seven beyond condition Mr control trade relationship hotel front soldier increase quite.,False,736
528,Lee Group,Relationship beautiful then table know nothing easy customer nature government future case whom vote role.,True,443
529,Fowler-Martin,According consider democratic involve against put discussion performance service move meeting within.,True,288
530,"Ramsey, Smith and Dominguez",Many notice hot number not property week your your but thus nothing no.,True,544
531,"Stevens, Price and Thompson",Out product already eye gun both summer force.,False,983
532,Escobar-Roach,Decision daughter coach list candidate simple or I while maybe speak very hard much.,True,770
533,"Adams, Jones and Cruz",Arrive provide if tell senior fight past success.,True,420
534,Cobb Group,Range face cut adult government manager production usually quite your significant leave.,True,234
535,"Perry, Grant and Soto",Shake nature particular part write test federal eight claim between note shoulder cold big generation thank.,False,198
536,"Hamilton, Coleman and Day",Series time blue and evening president their.,True,846
537,"Daniel, Clayton and Richards",Buy who seat factor group arrive give professor region purpose look evening.,False,498
538,Cordova Ltd,Training situation effort threat commercial in laugh floor environment despite offer tell experience.,False,678
539,Greene Ltd,Actually eye effect Mr base executive pick catch pull upon record state source.,False,857
540,Rice-Rogers,Control soldier water it task affect better positive bill charge situation shoulder hope very this single.,False,178
541,"Williams, Brock and Smith",Part success only address itself east term.,True,832
542,Guerra Ltd,Performance avoid game degree bring area provide go data material listen most.,False,672
543,Parker Ltd,Life long generation leave shoulder cup beat catch range follow.,False,209
544,Perez Inc,Understand control week offer space even shake trouble attack under.,False,121
545,Jones Inc,Before increase dinner fact much smile feeling cell pretty culture happy third.,True,89
546,Watkins PLC,You politics president find nothing east green.,False,627
547,Davidson-Gonzalez,It because husband industry trade cultural base until foot contain senior career.,False,38
548,Keith Ltd,Store memory fly cost respond land partner deep eight support.,True,298
549,Beltran-Bryant,Dream political get budget parent a raise family west eye century upon war scene baby.,True,564
550,Williams-Parker,Me across water three address hundred center plant when practice number education tend put.,True,76
551,James PLC,However start including father less check available treat image water range wait dark main meeting want.,True,621
552,Carr-Hamilton,Hope picture until hit message remember above small real deal car.,True,784
553,"Hampton, Doyle and Raymond",We speech stop ability political indicate team building note audience task executive behind music build.,False,202
554,"Stevens, Henderson and Martinez",School someone name on for reality huge standard middle contain citizen maybe not.,True,663
555,"Powell, Parker and Miller",Not herself attorney very past per couple.,True,256
556,"Rogers, Avery and Rose",Treat measure someone analysis nothing course sport.,False,97
557,Mitchell Ltd,Say stand whether same bad any light agency successful catch doctor month spring guy.,True,587
558,"Collier, Park and Hoover",Or child weight let chair animal daughter he network.,False,56
559,Walker PLC,Put attack recognize whatever phone yeah old several light somebody must product own keep yard hope.,True,332
560,Dunlap-Underwood,Hot play research consumer or himself their summer impact bit.,True,976
561,Parks-Hogan,Full establish age idea star him ask put wind news federal not.,False,18
562,"Martinez, Wagner and Gonzales",Community opportunity bad decade service military down.,False,779
563,"Robinson, Wilson and Roberts",Often near senior away whether just improve throughout.,False,991
564,Garrett Inc,Send evidence where apply executive dream their kid stay opportunity now thought who center.,False,522
565,"Campbell, Lynn and Baker",Someone important purpose option without which speak event.,True,332
566,Stone PLC,Word boy through prepare discussion drive billion majority without save lot professor.,False,753
567,Johnson Group,Until compare table free environment responsibility campaign use somebody decision glass sort doctor.,False,142
568,Holmes-Holder,In skin everyone its state ever long statement color.,True,349
569,"Brown, Winters and Parsons",Story power vote miss teacher tax television rate stuff.,False,928
570,"Richardson, Miller and Martinez",Behind himself capital she have three plant.,True,524
571,"Bonilla, Hicks and Dixon",Best establish answer box cell drug investment.,True,34
572,Ross Group,Any laugh however on leg to never ever life sign so when nation.,False,498
573,"Gonzalez, Best and Perez",Prove kitchen animal window actually stand score eight discussion ability phone air young clearly.,True,307
574,Lewis Ltd,Recently stuff common pick talk store feeling doctor.,True,165
575,Wolf-Parker,Less phone father someone none determine often student administration again before later moment room difficult.,False,90
576,Ward-Brown,Peace become beautiful picture Democrat kitchen home hope.,True,985
577,Smith-Warner,Hold rich news environment including someone Mrs treatment.,True,915
578,"Dickson, Velazquez and Boyd",Most shoulder truth those mention movement off page difficult.,True,836
579,King-Scott,Have central under material leave bar develop number table practice identify agent.,True,797
580,"Jones, Smith and Guerrero",Once TV weight local red ten attention perhaps artist argue soon.,True,996
581,Hinton-Rose,Drug just between nation guy never democratic generation wait risk two pretty.,False,468
582,Olson-Maxwell,Really because to city indicate home get tax realize beyond into house.,True,357
583,Ellis-Rogers,Wife state cell visit adult mission price realize.,False,378
584,"Fox, Knight and Hubbard",Institution piece space sound this consumer return fund generation inside glass represent trouble write down.,False,50
585,Wiggins-Lawson,Message election another middle assume issue service reality might what sell standard daughter west claim owner.,False,254
586,"Randall, Fernandez and Robinson",Real about Republican despite on north describe north exactly.,True,635
587,Wright Group,Never street turn prevent product administration through amount fund four a street.,True,991
588,Kelley-Johnson,Another foot argue radio leave own according hospital house teach sing several travel might cover miss.,True,590
589,Schmidt-Fernandez,Card only we bag red home knowledge whom those lay remember five.,False,109
590,"Jenkins, Leblanc and Duncan",Value small read performance group evening music pass understand name because.,True,156
591,"Baker, Vaughn and Scott",Some sell line gun society source line use American.,False,570
592,Martin-Phillips,Ball sea sometimes second return Mr process trip kind which resource tell big thought both.,True,520
593,"Harris, Murray and Gonzales",Study ball then against drive student spring smile teach deep world.,True,475
594,"Thompson, Alvarado and Mcfarland",Admit hospital find mouth reach cultural group key sell democratic production.,False,183
595,Sexton-Hall,Produce activity figure since finally pretty exist total who condition as section world tend.,False,175
596,"Morris, Mullen and Hughes",Big leave responsibility could site line use of away that number political will.,True,296
597,"Conner, Weiss and Bruce",However information let others head begin always resource go rock clear.,False,371
598,Steele-Anderson,Without risk organization central ago law trip opportunity.,True,82
599,"Cooper, Johnson and Brock",Fear available interview successful shoulder quite among traditional risk time market.,True,737
600,Moore-Wilkerson,Against box floor nothing state no north against create.,False,274
