id,nombre,email,fecha_registro,intereses
1501,Katie Casey,paulstuart@example.com,2023-06-08,fotografía;cocina
1502,Alexander Leon,grayashley@example.net,2020-08-14,música
1503,Donna Salazar,mcleansydney@example.com,2022-10-26,diseño gráfico;baile
1504,Jacob Rivera,washingtonbecky@example.net,2022-02-21,lectura;videojuegos
1505,Mrs. Breanna Gordon,belinda28@example.com,2022-09-10,moda;cocina;idiomas
1506,Paul Liu,pcollins@example.org,2024-07-20,eSports
1507,Joshua Gonzalez,rfaulkner@example.com,2022-06-13,guitarra;lectura;arte digital
1508,Anthony Brown,ryan97@example.com,2020-08-06,música;cine;baloncesto;anime
1509,Tyler Reynolds,rebecca96@example.com,2022-09-25,escalada
1510,Michael Conley,colonbrandi@example.net,2024-08-15,ciencia ficción;senderismo;astronomía;idiomas
1511,Carolyn Porter,dsilva@example.net,2022-02-27,baloncesto;psicología
1512,Kathryn Giles,mponce@example.com,2024-03-13,anime;cine;baloncesto
1513,Robert Wade,stewartkiara@example.net,2023-08-06,fotografía;lectura;arte digital
1514,Michael Ellis,amy57@example.com,2024-09-04,tecnología;viajes;baloncesto
1515,Alexander Jones,kristopher75@example.org,2021-09-12,cine;guitarra;eSports
1516,Jacob Young,william00@example.org,2020-03-15,programación;baloncesto;astronomía
1517,Courtney Bond,wyork@example.org,2023-12-05,eSports
1518,Patricia Mathews,mendozajennifer@example.org,2021-06-11,moda;idiomas;arte digital;astronomía
1519,Samantha Watson,georgedamon@example.com,2023-03-28,cine;guitarra;historia
1520,Christopher David,johntaylor@example.org,2020-12-07,baloncesto;guitarra;astronomía
1521,Ian Thomas,garymcintyre@example.net,2025-01-20,lectura;astronomía;fotografía
1522,Angela Nelson,lancelopez@example.net,2020-06-27,moda;automovilismo;videojuegos;diseño gráfico
1523,Angela Black,richard72@example.com,2024-07-07,fútbol;diseño gráfico;tecnología;astronomía
1524,Craig Anderson,donnavargas@example.com,2024-11-29,baloncesto;ciencia ficción;arte digital;tecnología
1525,Michael Miller,nruiz@example.net,2020-07-31,fotografía;tecnología;cocina
1526,Barbara Adkins,rodriguezjason@example.org,2024-04-20,escalada;automovilismo;videojuegos
1527,Theodore Lang,kimkeith@example.net,2024-03-26,viajes;baloncesto
1528,Dana Miller,chungkaren@example.net,2023-12-20,historia
1529,Sandra Hines,theresa50@example.org,2020-12-28,tecnología;programación;idiomas
1530,Theresa Glass,christopherturner@example.com,2020-11-20,arte digital
1531,Peter Sanchez,pdavis@example.net,2020-05-26,viajes;moda
1532,Elizabeth Smith,olivialee@example.com,2022-01-21,astronomía;programación;fotografía
1533,Gary Munoz,james72@example.org,2022-12-06,viajes;senderismo;astronomía;música
1534,Alexis Fields,melissa09@example.org,2021-05-18,lectura;fotografía;guitarra;ciencia ficción
1535,Laura Lamb,dford@example.com,2020-11-26,tecnología;cocina;automovilismo
1536,Michael Johnson,paulchristopher@example.org,2020-03-16,arte digital
1537,Christopher Mooney,johnmckinney@example.org,2021-11-10,senderismo;astronomía;videojuegos
1538,Michelle Green,lorettamiles@example.com,2023-07-25,cine
1539,Chad Alvarez,nicole21@example.com,2022-01-17,escalada;automovilismo
1540,Carmen Edwards,kgillespie@example.org,2024-04-26,viajes;programación;moda;ciencia ficción
1541,Michael Medina,jeff60@example.net,2023-05-27,fotografía;automovilismo
1542,Rebecca Aguilar,smithstephanie@example.com,2020-06-06,automovilismo
1543,Andrea Boyer,gutierrezmargaret@example.com,2021-11-14,programación;lectura;senderismo;cocina
1544,Gloria Thornton,jessica15@example.net,2021-11-17,escalada;anime;videojuegos
1545,Brittney Espinoza,angelavaldez@example.org,2022-06-26,anime;baloncesto
1546,Donald Munoz,bushluis@example.org,2024-09-12,diseño gráfico;escalada
1547,Amy Burnett,mary61@example.net,2022-11-02,tecnología;idiomas;fútbol;psicología
1548,Jesus Chapman,rebeccalowe@example.com,2023-08-06,moda;baloncesto;programación
1549,Marissa Watts,stacygillespie@example.com,2021-11-17,ciencia ficción
1550,Lisa Hart,ghicks@example.org,2023-10-03,senderismo;diseño gráfico;idiomas
1551,Nathan Lee,johnsonlarry@example.com,2022-07-19,viajes;fotografía;fútbol;arte digital
1552,Rachel Stevenson,kurt82@example.net,2020-12-08,historia;cocina;guitarra
1553,Stephanie Moore,christopher26@example.com,2020-09-22,programación;baile
1554,Mr. Ryan Moore,hhuffman@example.org,2023-11-10,música;guitarra;viajes
1555,Alison Long,jacksondavid@example.com,2022-02-12,fútbol;automovilismo
1556,Henry Williams,joshuabrown@example.net,2020-04-02,idiomas;arte digital
1557,Christine Pollard,clayrobert@example.net,2024-04-27,arte digital
1558,Thomas Woods,aprilevans@example.com,2024-02-17,anime
1559,Denise Schaefer,kellersierra@example.com,2023-08-11,cine;astronomía
1560,Katherine Schmidt,michaelwatkins@example.com,2022-04-16,automovilismo
1561,Michael Flynn,paulturner@example.com,2022-03-31,moda;senderismo;cocina;viajes
1562,Danielle Gonzalez,acochran@example.net,2023-02-13,diseño gráfico;arte digital;historia
1563,Lisa Cardenas,cameronrussell@example.org,2023-05-11,moda;videojuegos;cine;anime
1564,Sharon Thompson,joshuamccarthy@example.net,2022-09-04,videojuegos;idiomas;fútbol;astronomía
1565,Stacy Jimenez,alyssabaker@example.org,2023-08-19,automovilismo;fotografía;cine;ciencia ficción
1566,David Todd,deborah28@example.com,2022-07-09,astronomía;diseño gráfico;psicología
1567,Steve Taylor,vaughanjason@example.org,2024-03-28,eSports;baloncesto;cocina
1568,Alex Clark,laurahart@example.com,2022-12-13,ciencia ficción;música
1569,Amanda Scott,rebeccahunt@example.com,2020-09-14,baloncesto
1570,Kevin Coleman,melissablack@example.org,2022-12-01,historia;idiomas;arte digital;música
1571,Dana Sweeney,bmyers@example.net,2022-09-09,videojuegos;historia;anime;automovilismo
1572,Christina Stewart,vwells@example.org,2024-10-29,viajes
1573,Gail Howell,pstevens@example.org,2023-02-27,programación
1574,Melissa Walsh,wendy33@example.org,2022-06-06,fotografía;baloncesto;música
1575,Nancy Galloway,melissamurphy@example.org,2023-07-07,historia;fútbol;baile;programación
1576,Kelsey Roberts,john89@example.org,2021-07-15,tecnología;baile;automovilismo;anime
1577,Derek Adkins,thomasstephens@example.com,2023-05-20,historia
1578,Eric Diaz,ycochran@example.net,2023-05-17,automovilismo;anime;guitarra;cine
1579,Carolyn Curry,jennifer12@example.com,2020-08-14,baile
1580,Ashley Baldwin,obrown@example.net,2024-05-24,senderismo
1581,Michael Frost,matthew56@example.net,2023-01-13,tecnología;eSports;diseño gráfico
1582,Don Davis,gregory38@example.com,2020-10-25,astronomía;fotografía
1583,Emily Franklin,walkerdenise@example.org,2021-06-28,tecnología;arte digital;astronomía;anime
1584,Patricia Brown,milleralbert@example.org,2021-03-15,guitarra;fútbol;astronomía;videojuegos
1585,Hailey Beck,jessica81@example.com,2022-10-06,programación;arte digital;tecnología;baile
1586,Kathy Ball,banksallison@example.org,2023-07-19,fútbol
1587,Susan Kelly,zcasey@example.org,2022-08-26,viajes;moda;anime
1588,Heather Butler,kellybutler@example.org,2022-11-10,arte digital;escalada
1589,Shannon Kelly,danderson@example.com,2020-07-15,eSports;anime;tecnología;baile
1590,Brady Smith,ronnieturner@example.net,2023-11-18,baloncesto;escalada;historia
1591,Shawn Hamilton,silvabrandon@example.net,2024-02-18,programación
1592,Jeffrey Peterson,elizabeth79@example.com,2022-02-22,psicología;historia;baloncesto;programación
1593,Michael Lopez,cwhitney@example.org,2020-12-12,diseño gráfico;lectura
1594,Robert Harris,dereklawson@example.org,2024-12-03,idiomas
1595,Scott Andrews,herreradana@example.org,2024-02-21,escalada
1596,Raymond Odom,ewalters@example.com,2021-01-03,fútbol;cine;astronomía
1597,Richard Norman,bthomas@example.com,2020-10-13,música;idiomas;automovilismo
1598,Sarah Armstrong,thomas78@example.com,2022-09-19,lectura;viajes;fotografía
1599,Amber Richards,john34@example.org,2021-01-17,tecnología;ciencia ficción;fútbol
1600,Daniel Russell,psteele@example.net,2022-12-05,fotografía;baile;guitarra
