id,duracion,fecha_publicacion,likes,hashtags
1,118.41,2020-05-26,2097,"['#motivation', '#comedia', '#fitness', '#salud']"
2,9.55,2021-02-25,2348,"['#innovación', '#aventura', '#comedia', '#desarrollo']"
3,47.17,2022-01-30,2569,"['#viral', '#innovación', '#aprendizaje']"
4,56.76,2024-03-21,349,['#gaming']
5,85.47,2023-06-29,4594,['#comedia']
6,103.1,2020-05-25,2381,"['#tecnología', '#naturaleza', '#deportes', '#viral']"
7,30.65,2024-01-13,3786,['#libros']
8,58.58,2021-09-21,4383,"['#fitness', '#viral', '#tecnología', '#motivation']"
9,110.51,2020-03-11,3251,"['#viajes', '#deportes', '#cine', '#viral']"
10,41.49,2021-12-29,4950,"['#viajes', '#salud', '#fitness', '#arte']"
11,57.28,2021-06-14,4465,"['#salud', '#comedia']"
12,78.62,2022-07-12,2622,['#aventura']
13,94.03,2024-07-27,511,"['#innovación', '#salud', '#viajes']"
14,11.22,2021-10-18,187,"['#arte', '#motivation', '#tecnología', '#viral']"
15,21.3,2021-05-08,2243,"['#viral', '#programación', '#desarrollo', '#innovación']"
16,65.35,2022-02-01,2125,"['#música', '#viral']"
17,107.92,2024-02-11,3510,"['#programación', '#tecnología', '#viajes']"
18,45.17,2024-04-01,3433,"['#salud', '#fotografía', '#tecnología', '#innovación']"
19,45.79,2023-04-07,4672,"['#divertido', '#fotografía', '#viajes', '#viral']"
20,88.11,2023-09-24,4738,"['#cine', '#motivation']"
21,6.63,2024-05-02,3757,"['#salud', '#cine']"
22,18.06,2024-03-14,3329,"['#aprendizaje', '#divertido', '#desarrollo']"
23,113.48,2022-06-16,1029,"['#motivation', '#naturaleza', '#fitness', '#música']"
24,30.14,2023-05-08,1537,"['#fotografía', '#tecnología', '#deportes', '#viajes']"
25,45.03,2023-06-15,1565,['#libros']
26,98.58,2024-10-16,132,"['#programación', '#aprendizaje', '#fitness']"
27,85.42,2022-12-02,3735,"['#innovación', '#libros', '#aventura', '#fotografía']"
28,53.97,2021-11-22,2751,['#tecnología']
29,57.76,2021-09-26,3056,"['#fotografía', '#aventura']"
30,23.71,2022-07-06,3570,"['#programación', '#innovación', '#motivation', '#fitness']"
31,119.47,2021-02-22,850,['#motivation']
32,6.89,2022-08-25,3369,['#salud']
33,91.24,2024-06-14,4462,['#motivation']
34,56.07,2022-07-23,4761,['#programación']
35,102.95,2021-06-25,1735,"['#desarrollo', '#fotografía']"
36,48.82,2023-09-18,1602,"['#fitness', '#libros', '#desarrollo', '#innovación']"
37,109.42,2024-12-05,3242,['#libros']
38,94.95,2024-06-23,4157,"['#arte', '#motivation', '#programación']"
39,101.43,2024-10-31,3397,"['#divertido', '#innovación']"
40,8.76,2020-06-14,215,"['#libros', '#aprendizaje']"
41,99.3,2024-04-17,4914,"['#cine', '#tecnología', '#naturaleza']"
42,119.18,2023-11-28,1981,"['#viajes', '#aventura', '#deportes', '#música']"
43,97.15,2023-03-17,4733,"['#comedia', '#deportes', '#tecnología', '#aventura']"
44,108.98,2024-03-15,4237,"['#innovación', '#gaming']"
45,16.45,2022-08-01,1034,['#motivation']
46,71.35,2023-11-15,3211,"['#fotografía', '#tecnología', '#cine']"
47,28.43,2023-01-31,764,['#innovación']
48,6.33,2024-08-28,4860,"['#divertido', '#aventura']"
49,86.37,2023-01-13,645,"['#divertido', '#comedia', '#desarrollo', '#libros']"
50,26.45,2023-11-20,1816,"['#viajes', '#fotografía', '#gaming']"
51,88.53,2024-10-28,3097,"['#música', '#arte', '#viral']"
52,112.52,2023-04-25,189,['#fitness']
53,57.8,2023-07-05,4881,['#fitness']
54,21.31,2022-09-12,2146,"['#viral', '#motivation']"
55,61.84,2023-04-10,2960,"['#deportes', '#fitness']"
56,61.47,2020-11-24,179,"['#viral', '#salud', '#motivation', '#viajes']"
57,84.04,2025-02-06,3074,"['#motivation', '#desarrollo', '#tecnología']"
58,25.68,2021-09-05,83,"['#naturaleza', '#aventura']"
59,103.3,2022-07-05,960,"['#libros', '#salud', '#fotografía']"
60,5.58,2021-04-28,4274,"['#fitness', '#viajes', '#divertido']"
61,66.63,2023-12-20,4243,"['#viajes', '#libros']"
62,18.2,2024-12-25,1777,['#cine']
63,20.93,2022-03-19,683,"['#arte', '#motivation']"
64,60.38,2022-05-30,753,"['#fotografía', '#programación', '#desarrollo']"
65,90.7,2023-06-09,4061,"['#aprendizaje', '#deportes', '#viajes', '#arte']"
66,24.89,2024-09-24,2302,"['#fitness', '#naturaleza', '#aventura', '#programación']"
67,24.05,2021-03-27,1686,"['#innovación', '#desarrollo', '#motivation', '#arte']"
68,98.83,2024-11-29,881,"['#innovación', '#viajes', '#naturaleza', '#libros']"
69,48.01,2023-03-30,526,"['#tecnología', '#música', '#aprendizaje', '#arte']"
70,72.49,2020-12-05,2404,"['#deportes', '#divertido', '#fitness']"
71,25.69,2023-07-18,2643,"['#tecnología', '#libros', '#gaming', '#viral']"
72,29.75,2023-02-04,3044,"['#comedia', '#cine', '#fitness']"
73,6.11,2021-05-19,89,"['#viajes', '#desarrollo', '#naturaleza']"
74,96.45,2021-09-18,1905,['#deportes']
75,37.62,2024-08-02,1738,"['#fitness', '#fotografía']"
76,36.98,2024-04-29,4979,['#naturaleza']
77,107.66,2021-12-02,3454,"['#cine', '#motivation', '#viajes', '#naturaleza']"
78,10.71,2022-12-05,4046,"['#música', '#arte', '#innovación', '#fitness']"
79,19.27,2021-01-26,1401,"['#naturaleza', '#deportes', '#gaming']"
80,71.29,2020-11-20,2335,['#motivation']
81,95.08,2024-11-02,4716,['#desarrollo']
82,37.7,2024-02-15,3299,['#fotografía']
83,110.57,2024-03-28,320,"['#motivation', '#divertido', '#viral']"
84,59.04,2024-08-30,3400,"['#arte', '#cine', '#libros']"
85,51.04,2023-07-01,4558,"['#salud', '#aventura', '#música']"
86,50.23,2022-03-14,3723,"['#motivation', '#fitness', '#libros', '#aventura']"
87,8.37,2022-05-12,391,['#comedia']
88,17.09,2020-09-24,2644,"['#gaming', '#tecnología', '#viral', '#viajes']"
89,88.27,2022-06-25,3021,['#música']
90,34.86,2022-07-29,352,['#música']
91,113.92,2024-11-30,614,"['#cine', '#aventura', '#deportes']"
92,36.04,2024-03-22,1395,"['#naturaleza', '#desarrollo']"
93,18.79,2024-04-12,2615,"['#naturaleza', '#innovación']"
94,78.24,2023-11-28,1002,"['#naturaleza', '#salud']"
95,81.05,2022-09-16,2298,"['#salud', '#gaming', '#viral']"
96,35.34,2023-12-09,2426,['#libros']
97,69.23,2023-08-15,1985,"['#viral', '#motivation']"
98,116.75,2021-10-29,493,"['#divertido', '#viajes']"
99,58.84,2025-02-14,3154,"['#salud', '#fitness']"
100,44.15,2023-12-11,4837,"['#programación', '#desarrollo', '#comedia']"
101,102.5,2020-10-23,865,"['#gaming', '#libros']"
102,49.34,2020-04-22,3706,"['#deportes', '#viajes']"
103,12.89,2021-10-18,3465,"['#programación', '#naturaleza']"
104,79.56,2020-09-22,1206,"['#fitness', '#motivation', '#gaming', '#divertido']"
105,107.82,2024-08-10,1532,"['#divertido', '#salud', '#aprendizaje']"
106,57.05,2024-09-20,2175,['#fotografía']
107,14.67,2023-11-20,3534,"['#comedia', '#deportes']"
108,62.75,2021-09-04,4160,"['#música', '#desarrollo', '#arte']"
109,47.52,2024-05-20,402,"['#innovación', '#viajes', '#programación', '#aventura']"
110,51.31,2024-04-16,4866,"['#aprendizaje', '#aventura', '#salud']"
111,64.64,2024-12-27,894,['#motivation']
112,33.63,2023-09-17,909,"['#fitness', '#música']"
113,107.93,2020-08-14,4712,"['#gaming', '#viral', '#fotografía']"
114,16.62,2023-08-22,1855,"['#deportes', '#motivation', '#fitness', '#gaming']"
115,89.4,2024-09-27,2197,"['#viajes', '#tecnología', '#motivation', '#libros']"
116,78.24,2024-06-14,4884,"['#divertido', '#fitness', '#tecnología']"
117,62.87,2024-08-04,3905,"['#gaming', '#tecnología', '#cine']"
118,83.37,2023-05-27,1365,"['#cine', '#desarrollo']"
119,21.31,2023-11-18,104,"['#innovación', '#cine', '#divertido', '#tecnología']"
120,117.05,2022-07-23,630,"['#divertido', '#aventura']"
121,45.5,2021-08-21,3881,['#salud']
122,105.42,2020-03-25,3871,['#música']
123,99.18,2022-12-18,4647,"['#gaming', '#aprendizaje', '#aventura']"
124,24.24,2020-05-30,1200,['#fitness']
125,40.03,2022-11-29,2749,"['#salud', '#libros', '#fotografía', '#arte']"
126,81.29,2024-02-27,2076,"['#desarrollo', '#divertido', '#libros']"
127,39.63,2024-09-14,2733,"['#fitness', '#arte', '#aprendizaje', '#divertido']"
128,22.01,2022-09-02,3361,"['#comedia', '#libros']"
129,62.25,2023-08-02,2001,"['#libros', '#viajes', '#viral', '#aventura']"
130,110.87,2021-08-24,3094,['#arte']
131,105.87,2021-05-19,4463,"['#aprendizaje', '#tecnología', '#arte', '#libros']"
132,107.12,2020-09-29,3203,"['#arte', '#programación', '#viajes', '#música']"
133,71.64,2023-08-08,2812,['#innovación']
134,96.46,2021-12-07,4642,"['#programación', '#fitness', '#divertido']"
135,62.38,2022-05-19,1205,"['#comedia', '#aprendizaje', '#programación', '#fotografía']"
136,81.4,2023-08-13,2487,"['#programación', '#viral', '#motivation', '#divertido']"
137,57.19,2022-12-18,1780,"['#naturaleza', '#fitness', '#música']"
138,61.16,2020-12-09,41,"['#libros', '#divertido', '#música', '#arte']"
139,20.84,2024-09-02,2320,"['#viral', '#arte']"
140,21.4,2023-08-06,1611,"['#naturaleza', '#viral', '#programación', '#gaming']"
141,8.7,2022-11-09,2905,"['#motivation', '#deportes']"
142,53.59,2021-02-11,803,"['#programación', '#aventura', '#motivation']"
143,24.93,2023-02-05,3570,"['#naturaleza', '#comedia', '#viajes']"
144,33.75,2022-02-18,3410,"['#programación', '#motivation']"
145,14.84,2020-11-18,4642,"['#fotografía', '#tecnología', '#deportes', '#innovación']"
146,16.04,2021-04-13,4313,"['#cine', '#aprendizaje', '#libros', '#desarrollo']"
147,45.73,2020-09-10,3821,"['#innovación', '#desarrollo', '#divertido', '#fotografía']"
148,8.04,2022-08-24,3448,['#comedia']
149,75.75,2020-10-05,2477,"['#naturaleza', '#aprendizaje']"
150,47.91,2022-02-20,4450,"['#música', '#deportes', '#comedia']"
151,51.34,2024-08-02,48,"['#aprendizaje', '#desarrollo', '#música', '#viral']"
152,11.29,2021-03-21,876,"['#aventura', '#fitness', '#programación']"
153,70.03,2024-06-03,2714,['#fitness']
154,90.15,2024-04-09,4184,['#viajes']
155,64.37,2020-07-20,4604,"['#comedia', '#gaming', '#motivation', '#programación']"
156,77.25,2024-09-03,52,"['#aventura', '#viajes', '#fitness', '#viral']"
157,5.0,2023-10-24,4946,['#aprendizaje']
158,16.14,2024-06-25,1673,['#salud']
159,7.84,2023-10-15,4143,"['#deportes', '#música', '#fitness', '#programación']"
160,51.52,2022-10-31,1507,"['#fotografía', '#arte']"
161,99.49,2021-01-26,3597,['#innovación']
162,21.82,2022-04-23,177,"['#comedia', '#gaming']"
163,24.64,2023-11-13,4478,"['#salud', '#motivation']"
164,38.35,2023-08-22,819,"['#libros', '#arte', '#deportes', '#naturaleza']"
165,85.23,2020-08-08,879,"['#innovación', '#motivation', '#comedia', '#divertido']"
166,37.59,2021-01-09,984,"['#divertido', '#naturaleza', '#programación', '#música']"
167,79.19,2024-05-10,3641,['#libros']
168,115.72,2020-04-09,3833,"['#arte', '#divertido', '#tecnología', '#libros']"
169,62.57,2023-02-17,4122,"['#libros', '#aprendizaje']"
170,49.92,2024-12-21,514,"['#motivation', '#comedia']"
171,45.46,2022-03-03,4613,"['#desarrollo', '#comedia', '#arte']"
172,95.27,2023-09-06,2481,"['#viral', '#salud', '#deportes', '#aventura']"
173,74.67,2024-02-03,1477,"['#comedia', '#cine', '#naturaleza']"
174,114.85,2020-06-19,2851,"['#viral', '#música', '#divertido', '#tecnología']"
175,31.65,2021-01-23,870,"['#salud', '#cine', '#gaming', '#naturaleza']"
176,17.12,2023-01-01,1425,"['#innovación', '#viral', '#música', '#arte']"
177,18.16,2023-04-19,597,"['#libros', '#aventura', '#divertido', '#tecnología']"
178,41.93,2021-07-22,3682,"['#comedia', '#naturaleza', '#fotografía', '#viajes']"
179,27.51,2021-09-19,4023,"['#programación', '#gaming', '#viajes', '#tecnología']"
180,54.92,2023-06-14,4329,"['#viral', '#naturaleza']"
181,7.79,2022-10-10,788,"['#música', '#comedia']"
182,107.73,2020-10-24,2945,"['#naturaleza', '#fotografía', '#viral', '#cine']"
183,26.31,2021-04-16,4326,"['#viajes', '#motivation', '#naturaleza', '#salud']"
184,62.6,2022-05-22,2920,"['#viral', '#desarrollo']"
185,54.16,2023-06-08,3081,['#naturaleza']
186,13.99,2023-05-03,4237,"['#fitness', '#motivation', '#salud']"
187,31.52,2023-01-01,4927,"['#divertido', '#gaming', '#programación']"
188,111.06,2021-06-19,2059,"['#libros', '#viral', '#tecnología', '#programación']"
189,13.6,2023-03-24,4713,"['#aprendizaje', '#aventura']"
190,62.51,2024-04-15,3270,['#fotografía']
191,85.21,2024-12-04,908,"['#arte', '#divertido', '#música', '#cine']"
192,53.46,2024-01-01,1642,"['#música', '#comedia', '#viajes']"
193,67.92,2021-10-25,2700,['#gaming']
194,61.76,2022-11-07,4619,['#libros']
195,117.82,2021-02-16,3409,['#fotografía']
196,60.06,2023-05-19,1060,"['#música', '#fitness', '#motivation']"
197,62.11,2024-10-09,1845,"['#innovación', '#salud', '#programación']"
198,94.88,2022-03-07,1865,['#música']
199,8.03,2021-05-04,1607,"['#divertido', '#fotografía', '#salud', '#música']"
200,49.52,2020-03-14,3090,"['#innovación', '#motivation']"
201,68.2,2021-09-06,946,"['#fitness', '#aventura', '#libros', '#naturaleza']"
202,27.27,2021-07-04,3576,['#gaming']
203,31.68,2024-02-03,4821,['#gaming']
204,52.5,2021-03-18,4392,['#divertido']
205,105.42,2020-11-08,2047,['#viral']
206,11.52,2021-12-22,3592,"['#programación', '#música']"
207,41.12,2020-11-02,4934,"['#programación', '#comedia']"
208,74.7,2024-05-29,3921,['#viral']
209,13.78,2020-07-30,4453,"['#salud', '#libros']"
210,108.23,2020-08-29,1804,"['#programación', '#libros', '#fotografía', '#motivation']"
211,104.93,2021-05-15,2000,"['#cine', '#fotografía', '#aprendizaje']"
212,17.0,2020-11-07,2839,"['#aventura', '#salud', '#arte', '#viral']"
213,28.41,2022-07-08,1123,"['#programación', '#fotografía']"
214,29.24,2024-07-25,3050,"['#música', '#gaming']"
215,85.31,2020-08-03,3717,['#divertido']
216,62.37,2020-06-04,276,"['#arte', '#naturaleza', '#deportes']"
217,39.55,2024-09-09,692,['#arte']
218,103.28,2022-04-25,3145,"['#divertido', '#deportes', '#aventura', '#desarrollo']"
219,10.11,2023-12-02,1685,"['#tecnología', '#innovación', '#fotografía', '#música']"
220,80.95,2022-10-31,256,"['#divertido', '#aventura', '#cine']"
221,111.11,2022-12-26,2150,"['#divertido', '#cine']"
222,88.47,2023-03-20,3555,"['#música', '#fitness', '#fotografía', '#deportes']"
223,114.53,2023-12-14,2354,"['#innovación', '#naturaleza', '#aventura', '#aprendizaje']"
224,34.91,2024-04-14,3123,"['#gaming', '#comedia', '#divertido', '#arte']"
225,96.95,2022-04-02,2247,['#gaming']
226,93.7,2022-08-15,2423,"['#naturaleza', '#deportes', '#música']"
227,75.79,2021-12-29,2963,"['#arte', '#aventura', '#divertido']"
228,19.3,2021-06-05,4656,"['#arte', '#tecnología', '#desarrollo']"
229,58.21,2024-12-02,3603,['#desarrollo']
230,9.26,2021-09-08,2938,"['#motivation', '#fotografía', '#viajes', '#innovación']"
231,11.74,2022-02-06,651,"['#aventura', '#fotografía', '#cine']"
232,114.63,2020-09-25,3608,"['#arte', '#motivation']"
233,34.85,2021-10-02,4054,"['#gaming', '#tecnología']"
234,21.89,2021-03-27,406,"['#fitness', '#música']"
235,26.19,2020-09-18,4151,"['#naturaleza', '#cine', '#música', '#fotografía']"
236,87.5,2024-10-30,498,"['#arte', '#divertido', '#libros']"
237,67.15,2022-03-15,366,"['#libros', '#fitness']"
238,13.91,2023-09-10,3635,['#aprendizaje']
239,13.91,2023-06-22,1671,"['#naturaleza', '#libros', '#innovación']"
240,13.21,2025-02-01,3493,"['#comedia', '#divertido', '#cine']"
241,74.8,2022-05-21,2951,"['#innovación', '#libros', '#salud']"
242,113.39,2024-07-21,2408,['#tecnología']
243,47.35,2022-04-09,2382,"['#naturaleza', '#divertido']"
244,17.22,2023-03-15,1732,"['#aprendizaje', '#motivation', '#naturaleza']"
245,86.98,2025-02-24,1760,"['#naturaleza', '#música', '#comedia', '#deportes']"
246,92.7,2024-07-07,642,['#gaming']
247,70.02,2020-03-27,4705,"['#fotografía', '#fitness', '#aprendizaje', '#música']"
248,74.82,2024-08-12,4296,"['#cine', '#arte', '#viajes', '#programación']"
249,109.77,2022-06-18,2692,"['#libros', '#gaming']"
250,57.42,2023-06-21,945,"['#desarrollo', '#innovación']"
251,46.62,2024-07-16,2883,['#libros']
252,80.13,2024-05-19,4957,"['#desarrollo', '#innovación']"
253,31.42,2021-11-27,1026,"['#innovación', '#naturaleza']"
254,81.58,2021-04-30,4960,"['#programación', '#cine', '#aventura']"
255,18.57,2025-01-24,3346,"['#aprendizaje', '#comedia', '#naturaleza', '#salud']"
256,77.75,2024-01-03,1622,"['#desarrollo', '#divertido']"
257,24.18,2022-11-02,3429,"['#fotografía', '#salud', '#fitness']"
258,19.54,2024-06-29,279,"['#divertido', '#tecnología', '#viral', '#comedia']"
259,64.21,2022-06-22,4336,"['#innovación', '#libros', '#comedia', '#deportes']"
260,85.15,2023-01-01,1977,"['#fitness', '#cine', '#aventura']"
261,73.02,2023-10-14,882,['#viral']
262,89.96,2021-05-11,2907,"['#innovación', '#desarrollo', '#motivation', '#programación']"
263,92.13,2024-03-09,1102,"['#naturaleza', '#aprendizaje']"
264,14.64,2021-01-23,63,"['#motivation', '#desarrollo', '#deportes']"
265,41.85,2021-10-06,1447,"['#fitness', '#gaming', '#programación']"
266,61.73,2024-02-13,395,"['#programación', '#cine', '#deportes', '#aventura']"
267,92.09,2020-08-09,1173,['#viajes']
268,54.51,2021-05-17,2279,"['#fitness', '#libros', '#programación']"
269,24.04,2022-05-11,2358,"['#salud', '#desarrollo', '#gaming']"
270,106.82,2022-09-11,2363,"['#aventura', '#fitness', '#gaming']"
271,81.64,2023-06-29,1155,['#viajes']
272,68.5,2024-08-14,4167,"['#divertido', '#aventura']"
273,108.79,2022-07-04,4422,"['#divertido', '#salud']"
274,100.74,2023-02-10,211,"['#viajes', '#programación', '#naturaleza']"
275,54.05,2024-12-13,3644,"['#desarrollo', '#programación']"
276,110.57,2024-10-05,982,"['#innovación', '#salud', '#arte', '#viral']"
277,104.42,2020-05-26,2281,['#libros']
278,97.42,2020-09-03,1822,['#cine']
279,23.02,2023-05-20,2747,"['#desarrollo', '#aprendizaje', '#viral']"
280,86.28,2023-07-20,2578,['#innovación']
281,16.55,2020-05-23,4270,"['#viajes', '#fotografía', '#música']"
282,114.16,2025-01-12,65,"['#comedia', '#naturaleza']"
283,48.26,2022-09-05,1803,"['#arte', '#salud']"
284,22.41,2024-02-17,1532,"['#programación', '#comedia', '#viajes', '#viral']"
285,114.35,2024-08-12,1754,['#innovación']
286,12.74,2021-11-03,4568,"['#tecnología', '#música']"
287,53.09,2020-08-13,2155,"['#motivation', '#naturaleza', '#gaming', '#libros']"
288,60.69,2023-09-12,1475,"['#gaming', '#programación', '#salud']"
289,61.38,2021-05-27,3212,"['#fotografía', '#salud', '#programación']"
290,16.1,2023-10-10,920,"['#innovación', '#desarrollo', '#cine']"
291,33.45,2022-08-18,3480,['#tecnología']
292,58.44,2023-08-08,2612,['#libros']
293,85.15,2022-12-22,1049,"['#salud', '#aventura', '#innovación', '#gaming']"
294,8.33,2024-06-03,2194,"['#innovación', '#música']"
295,69.66,2024-09-04,2647,"['#cine', '#innovación', '#deportes']"
296,98.04,2024-12-20,3483,"['#arte', '#música', '#motivation', '#salud']"
297,88.74,2024-11-10,2783,['#programación']
298,56.48,2024-05-27,1812,"['#fotografía', '#viajes']"
299,94.65,2021-08-30,903,"['#comedia', '#aventura', '#fotografía']"
300,7.29,2022-06-06,172,"['#viral', '#cine', '#libros', '#fotografía']"
301,12.3,2022-06-07,403,"['#libros', '#fotografía']"
302,27.82,2022-09-16,1286,"['#gaming', '#programación', '#tecnología', '#libros']"
303,43.12,2023-06-18,1766,"['#divertido', '#música']"
304,102.23,2022-03-20,4313,['#aprendizaje']
305,50.76,2020-11-07,3972,['#tecnología']
306,37.56,2021-05-13,198,"['#motivation', '#gaming']"
307,8.88,2024-08-29,1012,"['#motivation', '#deportes', '#comedia', '#arte']"
308,104.13,2022-07-15,626,['#aprendizaje']
309,88.04,2021-05-05,3402,['#divertido']
310,90.4,2020-07-08,4437,"['#fitness', '#naturaleza']"
311,96.15,2025-01-29,1591,"['#cine', '#innovación', '#aprendizaje']"
312,90.5,2021-08-15,2475,"['#desarrollo', '#viajes', '#fitness']"
313,35.39,2024-01-20,4720,"['#deportes', '#programación', '#innovación', '#viral']"
314,30.56,2022-10-02,3328,"['#salud', '#programación', '#fotografía']"
315,63.26,2025-02-19,3132,['#salud']
316,88.67,2022-03-30,3053,['#desarrollo']
317,30.77,2024-12-22,203,"['#gaming', '#desarrollo', '#libros', '#salud']"
318,69.76,2020-07-12,2544,"['#comedia', '#viral', '#fitness']"
319,69.5,2024-07-16,1701,"['#naturaleza', '#gaming', '#viral', '#comedia']"
320,51.37,2020-12-07,3879,"['#música', '#salud']"
321,33.98,2020-10-31,2551,"['#comedia', '#música', '#cine']"
322,84.23,2021-05-16,4904,"['#divertido', '#arte', '#viajes', '#fotografía']"
323,96.39,2021-04-30,4469,"['#cine', '#gaming', '#motivation', '#desarrollo']"
324,86.52,2020-06-23,4214,['#fitness']
325,53.96,2021-09-12,634,"['#comedia', '#divertido', '#tecnología', '#aprendizaje']"
326,91.04,2020-10-12,1361,"['#desarrollo', '#fitness']"
327,9.49,2023-01-21,3474,"['#tecnología', '#aprendizaje', '#salud', '#comedia']"
328,91.13,2020-12-21,4481,"['#deportes', '#divertido', '#programación', '#fitness']"
329,55.08,2021-05-01,2410,"['#aprendizaje', '#cine', '#libros']"
330,69.84,2024-06-21,1359,"['#programación', '#aprendizaje']"
331,83.78,2023-03-01,3041,"['#salud', '#desarrollo', '#viajes']"
332,112.66,2020-10-26,1108,"['#aprendizaje', '#salud']"
333,6.13,2021-12-10,3410,"['#comedia', '#salud']"
334,12.71,2023-05-31,45,"['#viajes', '#motivation', '#fitness']"
335,66.84,2024-06-27,2711,['#música']
336,76.87,2022-07-11,4869,"['#viral', '#libros']"
337,78.18,2020-06-04,1851,"['#motivation', '#divertido', '#viajes']"
338,36.58,2022-11-30,3491,"['#libros', '#aventura', '#deportes']"
339,112.45,2022-08-17,4596,"['#viral', '#naturaleza']"
340,22.53,2021-01-27,1773,"['#tecnología', '#arte', '#naturaleza']"
341,16.77,2023-06-14,4278,"['#cine', '#naturaleza', '#aventura', '#arte']"
342,116.17,2022-12-23,3878,"['#tecnología', '#divertido']"
343,95.09,2021-07-23,1773,['#aventura']
344,21.85,2022-02-09,1350,"['#divertido', '#cine', '#viral', '#música']"
345,20.75,2024-04-22,3601,"['#salud', '#cine', '#programación', '#aprendizaje']"
346,92.4,2020-03-21,1972,"['#deportes', '#motivation', '#salud', '#libros']"
347,40.85,2020-02-29,4276,"['#aprendizaje', '#viral', '#viajes']"
348,114.87,2024-09-21,2275,"['#innovación', '#fotografía']"
349,55.79,2023-12-31,2052,['#fotografía']
350,108.47,2024-05-22,2852,"['#divertido', '#libros']"
351,103.37,2024-03-15,2834,"['#viajes', '#aventura', '#fotografía', '#motivation']"
352,48.98,2023-04-26,1466,['#viajes']
353,55.84,2020-10-23,4309,"['#divertido', '#naturaleza']"
354,40.69,2020-08-11,770,"['#arte', '#aprendizaje', '#divertido']"
355,74.78,2020-07-18,274,"['#motivation', '#salud', '#deportes']"
356,10.05,2021-11-25,2072,"['#motivation', '#música', '#naturaleza']"
357,99.68,2021-08-25,3856,"['#salud', '#tecnología', '#motivation', '#fotografía']"
358,97.85,2021-07-02,312,"['#divertido', '#aventura', '#comedia']"
359,86.15,2023-10-26,1449,"['#viral', '#innovación']"
360,100.92,2020-05-18,978,['#desarrollo']
361,78.31,2024-03-14,510,"['#fitness', '#fotografía', '#arte']"
362,118.09,2022-03-18,1590,['#cine']
363,101.29,2022-08-05,2592,"['#naturaleza', '#libros']"
364,64.38,2024-02-07,3302,"['#música', '#viral', '#viajes', '#aprendizaje']"
365,21.96,2024-06-26,2184,['#tecnología']
366,55.99,2022-08-05,2257,"['#aprendizaje', '#innovación']"
367,24.89,2022-03-12,26,"['#arte', '#fotografía', '#libros']"
368,18.54,2021-07-09,3819,['#naturaleza']
369,111.98,2023-10-12,722,['#viral']
370,25.99,2024-02-18,707,"['#cine', '#naturaleza']"
371,77.06,2022-05-03,164,"['#divertido', '#viajes']"
372,78.36,2024-09-04,3771,['#gaming']
373,40.39,2022-10-14,1565,"['#programación', '#música']"
374,48.62,2023-09-29,2351,"['#arte', '#comedia']"
375,69.98,2022-06-20,3391,"['#viajes', '#arte']"
376,106.61,2022-01-07,1450,"['#arte', '#desarrollo', '#motivation']"
377,15.63,2020-10-24,2909,"['#libros', '#aprendizaje', '#desarrollo']"
378,100.39,2020-09-05,1396,['#naturaleza']
379,49.35,2021-12-05,4406,"['#innovación', '#libros']"
380,79.29,2021-05-06,2364,"['#cine', '#aprendizaje']"
381,68.44,2022-01-04,2203,['#aprendizaje']
382,93.94,2022-02-15,2115,"['#desarrollo', '#arte']"
383,8.62,2024-10-14,944,"['#salud', '#comedia']"
384,58.73,2023-03-01,2645,"['#naturaleza', '#deportes', '#motivation']"
385,108.65,2022-05-06,2640,['#motivation']
386,46.27,2022-03-21,64,"['#innovación', '#salud']"
387,43.49,2023-12-14,820,"['#libros', '#programación']"
388,23.72,2023-11-07,4479,"['#divertido', '#desarrollo']"
389,98.06,2024-03-30,3739,"['#deportes', '#salud', '#gaming', '#arte']"
390,88.19,2022-02-28,4922,"['#salud', '#deportes', '#programación']"
391,9.61,2020-08-15,1919,['#innovación']
392,53.98,2023-03-06,2206,"['#naturaleza', '#divertido', '#tecnología', '#aprendizaje']"
393,24.13,2024-10-24,2462,"['#naturaleza', '#comedia']"
394,19.94,2023-01-26,2729,['#viral']
395,40.57,2024-09-23,1158,"['#desarrollo', '#deportes', '#tecnología']"
396,57.97,2021-08-19,1208,"['#tecnología', '#programación']"
397,40.37,2020-10-22,1512,"['#viajes', '#innovación']"
398,15.37,2023-10-01,2004,"['#fotografía', '#libros']"
399,5.57,2022-07-07,1305,"['#fitness', '#salud', '#fotografía']"
400,83.98,2023-01-21,1740,"['#deportes', '#desarrollo', '#gaming', '#fitness']"
401,49.57,2023-09-21,2607,"['#deportes', '#cine']"
402,108.27,2024-10-16,3478,"['#fotografía', '#viral', '#libros', '#salud']"
403,82.04,2021-06-01,4804,['#gaming']
404,106.84,2021-05-01,1459,"['#libros', '#motivation']"
405,44.08,2022-06-18,13,"['#viral', '#gaming', '#comedia', '#salud']"
406,26.62,2021-11-27,1730,"['#innovación', '#viral', '#cine']"
407,49.17,2020-12-11,1473,"['#comedia', '#programación', '#aventura', '#deportes']"
408,82.66,2021-04-24,3937,['#arte']
409,115.23,2020-10-31,3454,"['#tecnología', '#deportes']"
410,83.47,2021-06-03,871,"['#viral', '#libros', '#fitness', '#deportes']"
411,97.41,2023-03-07,100,"['#cine', '#comedia']"
412,71.09,2023-04-07,3145,"['#divertido', '#salud', '#deportes', '#innovación']"
413,93.71,2024-06-01,2481,"['#arte', '#fitness', '#desarrollo', '#aprendizaje']"
414,47.87,2024-06-03,3879,"['#fotografía', '#libros', '#fitness']"
415,95.33,2024-07-28,3473,"['#viral', '#comedia', '#divertido', '#cine']"
416,114.04,2021-10-25,4834,"['#viajes', '#aprendizaje', '#desarrollo']"
417,55.01,2021-08-02,3807,"['#música', '#fitness', '#salud']"
418,57.93,2021-11-27,410,"['#arte', '#innovación', '#cine']"
419,82.62,2020-05-01,192,"['#tecnología', '#programación', '#libros']"
420,52.96,2024-03-18,3659,"['#programación', '#música', '#fitness']"
421,46.08,2024-10-10,299,"['#gaming', '#tecnología', '#viral', '#fotografía']"
422,15.88,2021-03-03,1184,"['#innovación', '#arte', '#libros', '#desarrollo']"
423,84.23,2022-06-05,1999,"['#música', '#viral', '#cine', '#libros']"
424,9.4,2021-02-05,4991,['#deportes']
425,63.95,2021-03-28,645,"['#motivation', '#programación', '#innovación']"
426,51.09,2022-12-16,1506,"['#motivation', '#viral', '#innovación']"
427,115.99,2024-02-17,1569,"['#programación', '#aventura', '#aprendizaje']"
428,67.0,2020-04-30,1996,['#libros']
429,70.93,2023-08-30,1762,"['#arte', '#tecnología', '#motivation', '#aprendizaje']"
430,82.22,2023-12-26,4953,"['#tecnología', '#programación', '#arte', '#divertido']"
431,51.83,2020-08-25,153,"['#comedia', '#arte', '#aventura', '#desarrollo']"
432,73.89,2024-01-16,2606,['#gaming']
433,30.85,2024-05-22,2659,"['#viral', '#aventura']"
434,38.1,2021-09-27,4991,"['#naturaleza', '#innovación', '#cine', '#fotografía']"
435,49.74,2022-09-15,4568,['#cine']
436,44.17,2022-04-24,2837,"['#comedia', '#desarrollo', '#salud', '#viajes']"
437,66.21,2023-01-28,1392,"['#arte', '#deportes', '#música', '#viral']"
438,77.61,2022-09-16,4598,"['#viral', '#viajes', '#aprendizaje']"
439,47.46,2024-02-21,2390,"['#desarrollo', '#motivation', '#divertido']"
440,22.93,2022-12-04,4791,"['#aventura', '#libros']"
441,69.96,2023-11-18,3402,['#programación']
442,68.99,2020-09-28,4020,"['#deportes', '#fotografía']"
443,20.15,2021-01-11,4973,['#fitness']
444,50.51,2022-02-11,1731,['#naturaleza']
445,38.28,2021-02-02,1303,"['#fotografía', '#innovación', '#libros', '#viajes']"
446,53.09,2023-05-02,4909,"['#cine', '#libros', '#fitness']"
447,81.39,2023-09-08,2603,"['#gaming', '#deportes', '#salud', '#desarrollo']"
448,37.92,2024-08-18,3681,"['#tecnología', '#deportes']"
449,38.17,2024-04-16,4363,"['#desarrollo', '#tecnología', '#fitness']"
450,49.09,2021-12-12,3425,"['#innovación', '#viajes', '#divertido', '#gaming']"
451,20.94,2021-02-23,4123,['#aventura']
452,70.62,2020-07-03,3348,['#cine']
453,75.13,2021-04-06,1363,"['#viral', '#libros', '#divertido', '#deportes']"
454,68.49,2022-09-10,1581,"['#desarrollo', '#libros']"
455,88.15,2021-06-28,1960,"['#salud', '#viajes']"
456,42.11,2023-06-13,2400,['#divertido']
457,28.81,2022-09-01,3777,"['#gaming', '#aventura', '#desarrollo', '#motivation']"
458,96.63,2022-11-07,3779,['#aventura']
459,101.36,2023-10-21,1304,"['#desarrollo', '#viral']"
460,5.79,2022-02-12,264,"['#aprendizaje', '#salud', '#deportes', '#viral']"
461,95.05,2025-01-06,2130,['#aventura']
462,79.42,2022-07-14,4375,['#desarrollo']
463,60.29,2023-10-15,489,"['#deportes', '#música', '#libros']"
464,50.93,2024-08-24,4190,"['#innovación', '#fitness', '#aventura', '#comedia']"
465,102.41,2022-08-04,4749,['#tecnología']
466,47.14,2023-04-24,2783,"['#gaming', '#salud']"
467,29.16,2024-07-09,795,"['#motivation', '#viral', '#desarrollo']"
468,108.41,2021-12-21,4026,"['#arte', '#cine']"
469,38.96,2020-12-31,3642,"['#desarrollo', '#arte', '#naturaleza']"
470,36.66,2020-04-05,292,"['#comedia', '#aprendizaje']"
471,38.17,2025-01-08,1810,"['#naturaleza', '#libros', '#programación']"
472,40.27,2020-04-11,1296,"['#salud', '#desarrollo', '#programación']"
473,22.76,2021-10-15,1053,"['#aventura', '#programación']"
474,103.8,2023-02-05,2107,"['#divertido', '#viajes']"
475,72.07,2024-11-14,1215,['#arte']
476,46.88,2023-02-01,4166,"['#salud', '#aventura', '#tecnología', '#libros']"
477,79.04,2024-06-08,4809,"['#aprendizaje', '#libros', '#deportes']"
478,104.52,2024-03-15,3975,"['#aprendizaje', '#salud']"
479,25.17,2021-04-21,3111,['#viral']
480,44.37,2023-05-15,2533,"['#gaming', '#comedia']"
481,37.01,2021-10-09,979,"['#libros', '#salud']"
482,57.82,2021-09-30,99,"['#viajes', '#libros']"
483,81.39,2024-03-07,3264,['#cine']
484,63.35,2023-02-17,2223,['#música']
485,56.36,2020-06-12,4283,"['#gaming', '#arte']"
486,96.69,2021-09-29,1496,"['#gaming', '#desarrollo']"
487,25.4,2024-04-30,4990,"['#fotografía', '#arte', '#viral']"
488,90.46,2020-10-03,521,"['#aprendizaje', '#programación']"
489,12.0,2021-06-20,1864,"['#naturaleza', '#motivation']"
490,59.89,2023-06-18,805,['#cine']
491,95.85,2022-10-02,598,"['#salud', '#fitness']"
492,55.82,2021-09-20,3899,"['#fitness', '#fotografía']"
493,72.78,2021-02-03,4901,"['#programación', '#naturaleza', '#divertido', '#innovación']"
494,104.03,2020-03-17,913,"['#motivation', '#viajes', '#naturaleza', '#desarrollo']"
495,119.11,2021-08-16,2062,"['#aventura', '#arte', '#salud', '#tecnología']"
496,42.79,2022-02-26,3959,"['#motivation', '#programación', '#arte']"
497,104.74,2024-10-30,2039,"['#arte', '#fotografía', '#aprendizaje']"
498,40.51,2023-11-20,3604,['#tecnología']
499,61.07,2021-07-14,2614,"['#salud', '#tecnología', '#aventura', '#viral']"
500,92.45,2024-07-18,2495,['#desarrollo']
501,44.38,2024-10-22,4412,"['#viajes', '#fitness']"
502,92.73,2020-06-01,1746,"['#aprendizaje', '#programación', '#cine']"
503,93.14,2024-04-23,3865,['#programación']
504,111.67,2022-04-10,1722,"['#cine', '#tecnología']"
505,27.07,2023-11-07,3245,"['#tecnología', '#aventura']"
506,81.2,2023-09-04,2667,"['#motivation', '#aventura', '#innovación', '#arte']"
507,31.3,2022-10-08,2153,"['#programación', '#libros', '#comedia', '#motivation']"
508,43.38,2024-12-29,2899,"['#desarrollo', '#programación', '#innovación']"
509,69.78,2024-05-08,3417,['#deportes']
510,11.36,2020-07-05,3348,"['#motivation', '#comedia', '#desarrollo']"
511,93.21,2023-05-17,159,"['#viajes', '#arte']"
512,38.9,2022-10-25,3059,['#cine']
513,54.16,2025-01-28,3132,"['#fotografía', '#motivation', '#viajes']"
514,96.71,2020-03-05,4120,"['#arte', '#fitness', '#viral', '#gaming']"
515,23.45,2021-02-23,3929,"['#música', '#deportes', '#salud', '#gaming']"
516,37.22,2024-12-10,4970,"['#música', '#fitness', '#motivation', '#cine']"
517,36.75,2023-08-06,3026,"['#programación', '#fitness', '#salud', '#comedia']"
518,106.3,2022-06-04,606,"['#innovación', '#comedia', '#aventura']"
519,72.83,2022-01-11,4702,"['#fotografía', '#viral']"
520,55.4,2022-03-11,2685,"['#fotografía', '#aprendizaje', '#programación']"
521,84.3,2023-02-03,1150,['#cine']
522,115.08,2023-09-04,2959,"['#viajes', '#tecnología', '#cine', '#desarrollo']"
523,31.18,2021-05-16,2967,"['#viajes', '#arte', '#aventura']"
524,74.42,2021-10-04,189,"['#fitness', '#innovación']"
525,54.14,2025-02-04,3984,['#aprendizaje']
526,11.93,2022-12-27,4196,"['#divertido', '#naturaleza', '#innovación']"
527,119.5,2020-05-18,4130,"['#fotografía', '#salud', '#programación']"
528,71.1,2021-08-13,549,['#naturaleza']
529,15.6,2020-10-10,4573,['#fotografía']
530,23.2,2020-10-23,4206,['#naturaleza']
531,111.09,2021-03-07,4997,"['#viral', '#innovación']"
532,99.04,2024-06-24,3815,"['#comedia', '#cine', '#viral', '#tecnología']"
533,79.5,2024-03-01,2783,"['#aprendizaje', '#innovación', '#divertido', '#deportes']"
534,71.09,2020-03-13,52,"['#divertido', '#motivation', '#gaming', '#cine']"
535,54.12,2020-07-12,2120,"['#naturaleza', '#cine']"
536,66.22,2020-03-09,1641,"['#naturaleza', '#comedia', '#viajes']"
537,93.89,2020-06-29,1688,"['#tecnología', '#fitness', '#divertido']"
538,66.34,2024-09-22,323,"['#fotografía', '#libros']"
539,114.79,2021-05-05,2682,"['#gaming', '#viajes', '#aventura']"
540,39.84,2021-09-03,3475,"['#gaming', '#viajes', '#libros']"
541,8.14,2021-03-29,3601,['#deportes']
542,7.92,2020-08-15,1708,"['#música', '#desarrollo', '#aventura', '#deportes']"
543,27.84,2023-03-17,3117,['#viral']
544,116.46,2022-02-27,4150,['#tecnología']
545,92.01,2021-04-08,985,"['#aventura', '#libros', '#cine', '#innovación']"
546,26.96,2021-07-28,743,"['#salud', '#arte', '#aprendizaje']"
547,17.88,2020-07-07,3743,['#divertido']
548,48.7,2024-10-05,3440,"['#fitness', '#libros', '#aventura', '#programación']"
549,101.2,2025-02-20,3556,"['#gaming', '#viral', '#deportes']"
550,105.73,2022-02-25,129,"['#motivation', '#cine', '#música']"
551,21.18,2025-01-19,2039,"['#naturaleza', '#divertido']"
552,19.71,2023-03-18,1275,"['#salud', '#música']"
553,12.04,2023-06-01,1718,"['#libros', '#aventura', '#innovación']"
554,99.67,2020-07-28,3434,"['#tecnología', '#aprendizaje']"
555,116.01,2024-08-26,1487,"['#fitness', '#tecnología', '#divertido']"
556,62.22,2025-01-04,2507,"['#motivation', '#libros', '#arte', '#cine']"
557,8.27,2024-08-24,211,"['#divertido', '#salud', '#música']"
558,89.52,2020-05-30,1182,"['#música', '#fotografía', '#deportes', '#aprendizaje']"
559,24.52,2022-08-19,820,['#libros']
560,108.18,2023-10-07,754,"['#viral', '#fitness', '#salud', '#desarrollo']"
561,118.09,2023-05-30,4396,"['#comedia', '#aventura', '#divertido', '#programación']"
562,59.77,2020-10-03,2104,"['#cine', '#fotografía']"
563,47.04,2023-12-15,789,"['#salud', '#naturaleza', '#viajes', '#comedia']"
564,30.22,2021-02-22,1063,"['#gaming', '#viral']"
565,90.47,2020-04-14,3308,"['#aventura', '#fitness', '#gaming']"
566,31.02,2020-12-08,1512,"['#cine', '#desarrollo', '#naturaleza']"
567,64.79,2022-08-02,4728,"['#comedia', '#cine', '#innovación']"
568,48.1,2024-02-25,1189,['#deportes']
569,77.67,2024-09-18,1621,"['#divertido', '#comedia']"
570,77.98,2021-09-11,1948,"['#deportes', '#cine']"
571,6.35,2022-05-24,3938,"['#libros', '#viajes', '#naturaleza', '#deportes']"
572,56.99,2024-02-12,1759,"['#aventura', '#arte', '#fotografía', '#desarrollo']"
573,18.55,2023-02-25,2288,"['#cine', '#tecnología', '#arte']"
574,44.21,2024-12-17,3992,"['#fitness', '#cine', '#aprendizaje', '#arte']"
575,12.26,2020-12-31,2993,"['#motivation', '#divertido', '#fotografía', '#comedia']"
576,15.88,2021-03-10,3747,['#fitness']
577,68.3,2024-04-18,2422,"['#libros', '#programación']"
578,57.04,2021-10-12,4532,['#aprendizaje']
579,26.0,2024-12-24,4185,"['#comedia', '#gaming']"
580,94.23,2020-07-11,1627,"['#aprendizaje', '#aventura', '#comedia']"
581,69.73,2023-06-28,4346,['#fotografía']
582,46.71,2023-09-18,1887,"['#libros', '#tecnología']"
583,16.52,2022-11-29,1356,"['#comedia', '#fotografía']"
584,113.35,2020-08-25,4994,"['#viajes', '#arte', '#música', '#deportes']"
585,39.1,2023-07-31,4274,"['#salud', '#desarrollo', '#cine', '#comedia']"
586,87.98,2024-07-13,2457,['#viral']
587,33.9,2024-09-01,4552,"['#viajes', '#aventura', '#viral']"
588,11.81,2024-06-05,3361,"['#comedia', '#salud']"
589,99.58,2023-04-05,1986,"['#tecnología', '#innovación', '#deportes', '#viajes']"
590,33.59,2024-01-31,2870,['#gaming']
591,115.79,2023-10-22,2262,"['#deportes', '#fitness']"
592,88.49,2020-06-25,4799,"['#viajes', '#desarrollo']"
593,21.38,2021-09-15,2256,"['#divertido', '#fitness', '#aprendizaje']"
594,40.78,2024-02-09,840,"['#gaming', '#desarrollo', '#programación', '#fitness']"
595,67.24,2021-10-29,4997,"['#comedia', '#viral', '#cine', '#arte']"
596,114.19,2021-03-08,335,"['#arte', '#fitness', '#desarrollo', '#innovación']"
597,72.27,2023-10-07,3991,"['#gaming', '#aprendizaje', '#fitness']"
598,15.19,2020-04-27,4942,"['#gaming', '#salud', '#innovación']"
599,53.49,2022-03-08,861,"['#arte', '#motivation', '#aprendizaje']"
600,42.82,2023-02-12,2058,"['#viral', '#divertido', '#fitness']"
601,87.01,2020-08-09,3977,"['#naturaleza', '#salud']"
602,30.46,2021-06-17,3553,"['#fitness', '#salud', '#fotografía']"
603,74.76,2022-10-01,4633,"['#aventura', '#aprendizaje', '#deportes', '#música']"
604,74.19,2023-01-18,4836,['#naturaleza']
605,15.92,2020-04-14,1954,"['#naturaleza', '#aventura', '#innovación']"
606,98.76,2023-07-03,326,"['#motivation', '#desarrollo', '#aventura']"
607,70.93,2021-11-06,4282,['#deportes']
608,98.51,2021-03-25,3537,['#viajes']
609,70.2,2024-02-03,197,"['#fitness', '#programación', '#innovación']"
610,97.22,2020-09-01,3740,"['#libros', '#motivation', '#aventura']"
611,116.96,2023-02-15,2037,"['#desarrollo', '#música', '#cine']"
612,57.69,2021-06-19,2155,"['#viajes', '#fotografía']"
613,93.64,2022-06-30,4483,"['#deportes', '#libros', '#tecnología']"
614,102.14,2020-11-25,728,"['#libros', '#aventura', '#fotografía']"
615,90.08,2023-10-16,1864,"['#programación', '#fitness', '#viral']"
616,78.54,2022-05-04,2563,"['#motivation', '#tecnología', '#deportes', '#viajes']"
617,35.44,2022-10-28,3976,"['#cine', '#desarrollo', '#libros']"
618,91.8,2023-10-27,1380,"['#divertido', '#fitness', '#viajes']"
619,71.91,2022-09-14,4146,"['#fotografía', '#motivation', '#tecnología']"
620,50.77,2023-05-26,622,"['#viral', '#motivation']"
621,86.84,2024-09-19,3314,"['#comedia', '#cine', '#fotografía']"
622,45.69,2023-09-09,1089,"['#fitness', '#programación', '#naturaleza', '#viral']"
623,42.24,2023-05-18,1841,"['#música', '#gaming', '#fotografía', '#comedia']"
624,81.76,2024-02-15,2242,['#salud']
625,30.81,2023-07-12,1793,"['#gaming', '#desarrollo']"
626,79.51,2022-04-26,1769,"['#divertido', '#programación']"
627,33.02,2023-08-28,170,"['#desarrollo', '#innovación', '#fotografía', '#naturaleza']"
628,119.81,2021-03-05,1574,"['#tecnología', '#aprendizaje', '#naturaleza', '#deportes']"
629,77.13,2022-07-08,3171,"['#libros', '#arte', '#innovación']"
630,47.58,2021-07-25,1922,"['#fotografía', '#libros', '#viral']"
631,115.18,2024-06-13,1101,"['#gaming', '#fotografía', '#naturaleza']"
632,19.81,2022-09-30,4157,"['#fotografía', '#cine', '#fitness', '#gaming']"
633,87.81,2020-03-22,4538,"['#desarrollo', '#arte']"
634,71.04,2020-04-19,435,"['#aventura', '#desarrollo', '#salud', '#innovación']"
635,12.44,2020-03-12,1403,['#fotografía']
636,56.57,2020-04-07,471,"['#salud', '#comedia', '#viral']"
637,83.43,2021-01-31,535,"['#naturaleza', '#arte', '#divertido']"
638,87.07,2021-12-14,4020,"['#comedia', '#deportes', '#viajes', '#desarrollo']"
639,40.63,2023-12-05,2495,"['#gaming', '#naturaleza', '#aprendizaje']"
640,113.82,2022-05-23,1181,"['#divertido', '#aventura', '#música']"
641,86.89,2021-10-12,2935,['#viral']
642,75.59,2023-12-16,4339,"['#tecnología', '#viajes', '#gaming', '#motivation']"
643,101.11,2024-06-30,241,"['#fitness', '#cine', '#viral', '#motivation']"
644,113.81,2022-06-17,4702,"['#innovación', '#deportes', '#salud', '#comedia']"
645,102.44,2024-04-24,1499,['#programación']
646,45.84,2020-12-25,3525,"['#salud', '#viral', '#tecnología']"
647,34.96,2020-04-19,1643,"['#libros', '#viral']"
648,44.07,2024-03-10,770,"['#divertido', '#aventura', '#música']"
649,117.93,2022-03-13,484,"['#fitness', '#tecnología', '#divertido']"
650,115.81,2024-06-21,4334,['#divertido']
651,42.59,2021-09-01,2508,['#naturaleza']
652,69.79,2021-10-09,568,"['#viajes', '#aventura']"
653,62.29,2021-09-08,4384,"['#libros', '#fitness']"
654,105.29,2021-05-28,1267,"['#naturaleza', '#tecnología', '#desarrollo']"
655,86.23,2022-12-02,1454,"['#desarrollo', '#divertido']"
656,76.54,2024-10-06,4403,['#programación']
657,112.53,2022-01-18,882,"['#tecnología', '#naturaleza', '#aprendizaje']"
658,24.25,2022-01-19,816,"['#viajes', '#aventura', '#comedia', '#cine']"
659,112.85,2024-03-30,4489,"['#desarrollo', '#fitness', '#fotografía', '#viral']"
660,43.91,2023-10-16,2995,"['#gaming', '#salud']"
661,26.66,2021-07-20,3311,['#libros']
662,11.74,2021-05-09,3935,['#aprendizaje']
663,15.46,2021-12-06,2625,"['#fotografía', '#viajes', '#programación', '#cine']"
664,20.58,2022-02-26,1622,"['#motivation', '#innovación', '#deportes']"
665,55.04,2022-06-09,674,"['#divertido', '#salud', '#fitness', '#cine']"
666,69.54,2022-12-15,4994,"['#programación', '#salud', '#motivation', '#música']"
667,65.67,2020-07-12,341,"['#viral', '#programación']"
668,107.59,2021-02-19,4679,"['#motivation', '#cine']"
669,90.01,2023-01-24,4376,['#música']
670,116.18,2022-07-02,3153,"['#libros', '#fotografía']"
671,11.03,2021-02-28,3553,"['#aprendizaje', '#libros']"
672,83.33,2024-02-27,366,"['#fitness', '#desarrollo']"
673,114.25,2024-05-09,1815,"['#viral', '#viajes', '#salud']"
674,28.77,2023-08-06,127,['#deportes']
675,28.69,2023-04-17,952,"['#divertido', '#gaming', '#cine']"
676,118.21,2024-01-30,3194,"['#libros', '#deportes']"
677,10.15,2024-09-26,1160,"['#aventura', '#arte']"
678,106.42,2023-09-27,3463,"['#viajes', '#arte', '#innovación']"
679,84.38,2023-11-14,3406,"['#deportes', '#arte', '#viajes', '#salud']"
680,34.14,2020-10-26,85,"['#música', '#desarrollo', '#comedia', '#gaming']"
681,13.11,2020-07-06,937,['#tecnología']
682,108.75,2020-07-31,4002,['#tecnología']
683,66.75,2020-06-16,1371,"['#deportes', '#programación', '#fotografía']"
684,37.94,2020-04-25,4670,"['#fitness', '#motivation', '#deportes']"
685,99.63,2023-02-22,1655,['#fotografía']
686,102.34,2020-11-20,1644,"['#aprendizaje', '#música']"
687,58.93,2021-03-12,895,['#gaming']
688,9.37,2024-08-28,3179,"['#viral', '#motivation']"
689,32.8,2023-05-25,3038,"['#comedia', '#desarrollo', '#música', '#aprendizaje']"
690,93.18,2021-07-15,1548,"['#cine', '#música']"
691,70.41,2022-06-08,1251,"['#arte', '#tecnología', '#libros']"
692,58.13,2024-05-27,462,"['#deportes', '#comedia', '#programación', '#aprendizaje']"
693,12.32,2022-03-08,1507,"['#cine', '#desarrollo']"
694,7.91,2021-12-25,3608,['#gaming']
695,74.19,2021-11-27,2357,"['#comedia', '#fotografía']"
696,115.88,2022-09-19,464,['#viral']
697,52.14,2024-06-22,4376,['#aventura']
698,87.86,2025-01-25,2635,"['#música', '#comedia', '#fitness']"
699,83.7,2020-11-16,48,"['#divertido', '#naturaleza', '#música', '#deportes']"
700,93.4,2022-07-30,980,"['#motivation', '#música']"
